회사,공시일,체결계약명,유추선종,수주_선박수,계약금액,계약기간_시작일,계약기간_종료일,매매기준환율,수정_체결계약명,수정_유추선종,수정_수주_선박수,수정_계약금액,수정_계약기간_종료일,계약해지,공시명,DART_URL,정정공시_URL,비고
한화오션,2026-06-12,VLCC 4척,탱커,4,"800,100,000,000",2026-06-12,2030-02-22,"1,527.00",,,,,,,단일판매ㆍ공급계약체결,https://dart.fss.or.kr/dsaf001/main.do?rcpNo=20260612801030,https://dart.fss.or.kr/dsaf001/main.do?rcpNo=20260619800742,"20260619 정정: 계약기간 - 시작일 변경: 2026-06-12 -> 2026-06-19; 기타 투자판단과 관련한 중요사항 변경: 4. 본 계약은 계약 당사자 간 합의에 따른 선행조건 이행 후 2026년 6월 30일까지 발효될 예정입니다. 이에 따라 계약기간의 시작일은 계약서 서명일로 기재하였습니다. 향후 본 계약이 발효되지 않을 경우, 관련..."
삼성중공업,2026-06-08,LNG운반선 1척,LNG운반선,1,"385,500,000,000",2026-06-05,2029-01-08,"1,528.6",,,,,,,단일판매ㆍ공급계약체결,https://dart.fss.or.kr/dsaf001/main.do?rcpNo=20260608800137,,
삼성중공업,2026-06-08,해양생산설비 1기,해양플랜트,,"1,904,600,000,000",2023-06-05,2029-09-30,"1,528.6",,,,,,,단일판매ㆍ공급계약체결,https://dart.fss.or.kr/dsaf001/main.do?rcpNo=20260608800714,,
HD현대중공업,2026-06-08,VLGC 2척,가스선,2,"360,700,000,000",2026-06-05,2029-11-30,"1,528.60",,,,,,,단일판매ㆍ공급계약체결(자율공시),https://dart.fss.or.kr/dsaf001/main.do?rcpNo=20260608800378,,
삼성중공업,2026-06-02,해양생산설비 1기,해양플랜트,,"4,330,100,000,000",2026-06-01,2030-07-10,"1,503.2",,,,,2030-07-19,,단일판매ㆍ공급계약체결,https://dart.fss.or.kr/dsaf001/main.do?rcpNo=20260602800254,https://dart.fss.or.kr/dsaf001/main.do?rcpNo=20260604800001,
대한조선,2026-06-01,"원유운반선(157,000 DWT) 2척",탱커,2,"282,800,000,000",2026-05-29,2028-12-31,"1,505.80",,,,,,,단일판매ㆍ공급계약체결,https://dart.fss.or.kr/dsaf001/main.do?rcpNo=20260601800013,,
HD현대중공업,2026-06-01,VLGC 8척,가스선,8,"1,416,100,000,000",2026-05-30,2030-06-30,"1,505.80",,,,,,,단일판매ㆍ공급계약체결,https://dart.fss.or.kr/dsaf001/main.do?rcpNo=20260601800384,,
한화오션,2026-05-29,LNGC 1척,LNG운반선,1,"375,900,000,000",2026-05-28,2029-09-28,"1,501.60",,,,,,,단일판매ㆍ공급계약체결,https://dart.fss.or.kr/dsaf001/main.do?rcpNo=20260529800152,,
삼성중공업,2026-05-27,유조선 2척,탱커,2,"278,400,000,000",2026-05-26,2028-03-15,"1,513.3",,,,,,,단일판매ㆍ공급계약체결,https://dart.fss.or.kr/dsaf001/main.do?rcpNo=20260527800191,,
삼성중공업,2026-05-27,VLGC 2척,가스선,2,"342,000,000,000",2026-05-26,2029-11-30,"1,513.3",,,,,,,단일판매ㆍ공급계약체결,https://dart.fss.or.kr/dsaf001/main.do?rcpNo=20260527800189,,
삼성중공업,2026-05-27,LNG운반선 1척,LNG운반선,1,"381,400,000,000",2026-05-26,2028-10-31,"1,513.3",,,,,,,단일판매ㆍ공급계약체결,https://dart.fss.or.kr/dsaf001/main.do?rcpNo=20260527800188,,
HD현대삼호,2026-05-21,VLAC 6척,가스선,6,"1,078,200,000,000",2026-05-20,2029-12-20,"1,503.80",,,,,,,단일판매ㆍ공급계약체결(자회사의 주요경영사항),https://dart.fss.or.kr/dsaf001/main.do?rcpNo=20260521800360,,
삼성중공업,2026-05-18,LNG운반선 3척,LNG운반선,3,"1,124,200,000,000",2026-05-15,2029-05-31,"1,491.8",,,,,,,단일판매ㆍ공급계약체결,https://dart.fss.or.kr/dsaf001/main.do?rcpNo=20260518800216,,
삼성중공업,2026-05-14,LNG운반선 2척,LNG운반선,2,"750,500,000,000",2026-05-13,2029-06-30,"1,484.3",,,,,,,단일판매ㆍ공급계약체결,https://dart.fss.or.kr/dsaf001/main.do?rcpNo=20260514800296,,
HD현대중공업,2026-05-14,LNGC 2척,LNG운반선,2,"743,900,000,000",2026-05-13,2029-03-30,"1,484.30",,,,,,,단일판매ㆍ공급계약체결,https://dart.fss.or.kr/dsaf001/main.do?rcpNo=20260514800315,,
HD현대삼호,2026-05-13,LNGC 2척,LNG운반선,2,"748,500,000,000",2026-05-12,2029-07-23,"1,473.00",,,,,,,단일판매ㆍ공급계약체결(자회사의 주요경영사항),https://dart.fss.or.kr/dsaf001/main.do?rcpNo=20260513800195,,
한화오션,2026-05-11,LNGC 1척,LNG운반선,1,"363,200,000,000",2026-05-08,2029-06-15,"1,450.80",,,,,,,단일판매ㆍ공급계약체결,https://dart.fss.or.kr/dsaf001/main.do?rcpNo=20260511800175,,
HD현대중공업,2026-05-08,VLGC 2척,가스선,2,"352,100,000,000",2026-05-07,2029-03-30,"1,456.80",,,,,,,단일판매ㆍ공급계약체결(자율공시),https://dart.fss.or.kr/dsaf001/main.do?rcpNo=20260508800181,,
HD현대중공업,2026-05-08,컨테이너선 6척,컨테이너선,6,"1,778,700,000,000",2026-05-07,2029-09-30,"1,456.80",,,,,,,단일판매ㆍ공급계약체결,https://dart.fss.or.kr/dsaf001/main.do?rcpNo=20260508800180,,
한화오션,2026-05-04,VLAC 3척,가스선,3,"507,400,000,000",2026-04-30,2030-01-15,"1,476.10",,,,,,,단일판매ㆍ공급계약체결,https://dart.fss.or.kr/dsaf001/main.do?rcpNo=20260504800235,,
삼성중공업,2026-05-04,FSRU 1척,LNG운반선,1,"484,800,000,000",2026-04-30,2029-02-15,"1,476.1",,,,,,,단일판매ㆍ공급계약체결,https://dart.fss.or.kr/dsaf001/main.do?rcpNo=20260504800254,,
HD현대중공업,2026-05-04,VLGC 3척,가스선,3,"504,800,000,000",2026-04-30,2029-08-31,"1,476.10",,,,,,,단일판매ㆍ공급계약체결,https://dart.fss.or.kr/dsaf001/main.do?rcpNo=20260504800297,,
HD현대중공업,2026-04-22,엔진발전기 공급,엔진기계,,"627,100,000,000",2026-04-21,2030-10-21,"1,475.60",,,,,,,단일판매ㆍ공급계약체결,https://dart.fss.or.kr/dsaf001/main.do?rcpNo=20260422800175,,
HD현대중공업,2026-04-22,쇄빙전용선 1척,쇄빙선,1,"514,800,000,000",2026-04-21,2029-08-28,"1,475.60",,,,,,,단일판매ㆍ공급계약체결,https://dart.fss.or.kr/dsaf001/main.do?rcpNo=20260422800038,,
HD현대중공업,2026-04-17,VLGC 4척,가스선,4,"674,700,000,000",2026-04-16,2029-11-30,"1,473.10",,,,,,,단일판매ㆍ공급계약체결,https://dart.fss.or.kr/dsaf001/main.do?rcpNo=20260417800177,,
대한조선,2026-04-16,"원유운반선(157,000 DWT) 1척",탱커,1,"132,900,000,000",2026-04-14,2029-07-31,"1,489.80",,,,,,,단일판매ㆍ공급계약체결,https://dart.fss.or.kr/dsaf001/main.do?rcpNo=20260416800003,,
HD현대중공업,2026-04-16,PCTC 2척,자동차운반선,2,"398,500,000,000",2026-04-15,2029-03-31,"1,481.40",,,,,,,단일판매ㆍ공급계약체결(자율공시),https://dart.fss.or.kr/dsaf001/main.do?rcpNo=20260416800142,,
HD현대삼호,2026-04-16,LPGC 2척,가스선,2,"346,600,000,000",2026-04-15,2029-04-30,1481.40,,,,,,,단일판매ㆍ공급계약체결(자회사의 주요경영사항),https://dart.fss.or.kr/dsaf001/main.do?rcpNo=20260416800167,,
한화오션,2026-04-09,VLCC 2척,탱커,2,"393,300,000,000",2026-04-08,2030-01-04,"1,506.80",,,,,,,단일판매ㆍ공급계약체결,https://dart.fss.or.kr/dsaf001/main.do?rcpNo=20260409800345,,
HD현대삼호,2026-04-08,LNGC 2척,LNG운반선,2,"770,200,000,000",2026-04-07,2029-09-28,1507.20,,,,,,,단일판매ㆍ공급계약체결(자회사의 주요경영사항),https://dart.fss.or.kr/dsaf001/main.do?rcpNo=20260408800703,,
HD현대중공업,2026-04-03,LPGC 2척,가스선,2,"239,300,000,000",2026-04-02,2028-06-30,"1,507.80",,,,,,,단일판매ㆍ공급계약체결(자율공시),https://dart.fss.or.kr/dsaf001/main.do?rcpNo=20260403800577,,
HD현대중공업,2026-04-03,P/C선 8척,탱커,8,"611,700,000,000",2026-04-02,2029-05-31,"1,507.80",,,,,,,단일판매ㆍ공급계약체결,https://dart.fss.or.kr/dsaf001/main.do?rcpNo=20260403800571,,
HD현대삼호,2026-04-03,LPGC 2척,가스선,2,"349,800,000,000",2026-04-02,2029-03-30,1507.80,,,,,,,단일판매ㆍ공급계약체결(자회사의 주요경영사항),https://dart.fss.or.kr/dsaf001/main.do?rcpNo=20260403800582,,
삼성중공업,2026-04-01,VLGC 2척,가스선,2,"342,000,000,000",2026-03-31,2029-05-31,"1,513.4",,,,,,,단일판매ㆍ공급계약체결,https://dart.fss.or.kr/dsaf001/main.do?rcpNo=20260401800243,,
대한조선,2026-03-31,"원유운반선(157,000 DWT) 2척",탱커,2,"276,000,000,000",2026-03-30,2029-09-30,"1,508.10",,,,,,,단일판매ㆍ공급계약체결,https://dart.fss.or.kr/dsaf001/main.do?rcpNo=20260331800063,,
한화오션,2026-03-25,LNGC 2척,LNG운반선,2,"756,300,000,000",2026-05-29,2029-05-15,"1,509.60",,,,,,,단일판매ㆍ공급계약체결,https://dart.fss.or.kr/dsaf001/main.do?rcpNo=20260325800203,https://dart.fss.or.kr/dsaf001/main.do?rcpNo=20260518800002,20260518 정정: 계약기간 - 시작일 변경: 2026-05-29 -> 2026-05-15; 기타 투자판단과 관련한 중요사항 변경: 4. 본 계약은 계약 당사자 간 합의에 따라 선행조건 이행 후 2026년 5월 내 발효될 예정으로 상기 계약기간 시작일은 계약 발효 예상일을 기재하였습니다. 해당 계약이 발효되지 않을 경우 정정공시 예정입니다. 4....
한화오션,2026-03-25,VLCC 3척,탱커,3,"588,700,000,000",2026-03-24,2029-06-29,"1,509.60",,,,,,,단일판매ㆍ공급계약체결,https://dart.fss.or.kr/dsaf001/main.do?rcpNo=20260325800201,,
삼성중공업,2026-03-23,LNG운반선 2척,LNG운반선,2,"770,100,000,000",2026-03-20,2028-09-30,"1,499.7",,,,,,,단일판매ㆍ공급계약체결,https://dart.fss.or.kr/dsaf001/main.do?rcpNo=20260323800137,,
대한조선,2026-03-23,"원유운반선(157,000 DWT) 1척",탱커,1,"133,800,000,000",2026-03-20,2029-06-30,"1,499.70",,,,,,,단일판매ㆍ공급계약체결,https://dart.fss.or.kr/dsaf001/main.do?rcpNo=20260323800069,,
삼성중공업,2026-03-20,LNG운반선 1척,LNG운반선,1,"377,900,000,000",2026-03-20,2029-04-30,"1,499.7",,,,,,,단일판매ㆍ공급계약체결,https://dart.fss.or.kr/dsaf001/main.do?rcpNo=20260320800106,,
대한조선,2026-03-17,"원유운반선(157,000 DWT) 1척",탱커,1,"133,300,000,000",2026-03-16,2029-10-10,"1,489.50",,,,,,,단일판매ㆍ공급계약체결,https://dart.fss.or.kr/dsaf001/main.do?rcpNo=20260317800064,,
HD현대중공업,2026-03-16,컨테이너선 10척,컨테이너선,10,"823,700,000,000",2026-03-13,2028-12-31,"1,479.80",,,,,,,단일판매ㆍ공급계약체결,https://dart.fss.or.kr/dsaf001/main.do?rcpNo=20260316800220,,
삼성중공업,2026-03-10,유조선 3척,탱커,3,"400,100,000,000",2026-03-10,2029-02-28,"1,493.1",,,,,,,단일판매ㆍ공급계약체결,https://dart.fss.or.kr/dsaf001/main.do?rcpNo=20260310800545,,
HD현대삼호,2026-03-10,LPGC 2척,가스선,2,"340,200,000,000",2026-03-09,2028-12-29,1474.50,,,,,,,단일판매ㆍ공급계약체결(자회사의 주요경영사항),https://dart.fss.or.kr/dsaf001/main.do?rcpNo=20260310800414,,
HD현대삼호,2026-03-06,"157,000 DWT 원유운반선 2척",탱커,2,"263,200,000,000",2026-03-05,2029-05-31,1478.80,,,,,,,단일판매ㆍ공급계약체결(자회사의 주요경영사항),https://dart.fss.or.kr/dsaf001/main.do?rcpNo=20260306800225,,
HD현대중공업,2026-03-05,LNGC 4척,LNG운반선,4,"1,487,200,000,000",2026-03-04,2029-11-30,"1,464.50",,,,,,,단일판매ㆍ공급계약체결,https://dart.fss.or.kr/dsaf001/main.do?rcpNo=20260305800836,,
HD현대중공업,2026-02-27,컨테이너선 6척,컨테이너선,6,"372,400,000,000",2026-02-26,2028-06-30,"1,435.30",,,,,,,단일판매ㆍ공급계약체결,https://dart.fss.or.kr/dsaf001/main.do?rcpNo=20260227800223,,
HD현대중공업,2026-02-26,LNGC 1척,LNG운반선,1,"367,800,000,000",2026-02-25,2028-09-29,"1,445.80",,,,,,,단일판매ㆍ공급계약체결,https://dart.fss.or.kr/dsaf001/main.do?rcpNo=20260226800192,,
삼성중공업,2026-02-20,LNG운반선 1척,LNG운반선,1,"368,000,000,000",2026-02-19,2028-05-31,"1,443.1",,,,,,,단일판매ㆍ공급계약체결,https://dart.fss.or.kr/dsaf001/main.do?rcpNo=20260220800213,,
삼성중공업,2026-02-11,컨테이너선 2척,컨테이너선,2,"468,600,000,000",2026-02-10,2028-05-01,"1,464.3",,,,,,,단일판매ㆍ공급계약체결,https://dart.fss.or.kr/dsaf001/main.do?rcpNo=20260211800232,,
대한조선,2026-02-09,"원유운반선(157,000 DWT) 2척",탱커,2,"259,700,000,000",2026-02-06,2028-12-31,"1,464.10",,,,,,,단일판매ㆍ공급계약체결,https://dart.fss.or.kr/dsaf001/main.do?rcpNo=20260209800078,,
한화오션,2026-02-06,해상풍력발전기 설치선 1척,특수선/방산,1,"768,700,000,000",2026-02-06,2028-05-31,"1,464.10",,,,,,,단일판매ㆍ공급계약체결,https://dart.fss.or.kr/dsaf001/main.do?rcpNo=20260206800258,,
HD현대삼호,2026-02-02,LNGC 1척,LNG운반선,1,"357,500,000,000",2026-01-30,2028-06-30,1427.00,,,,,,,단일판매ㆍ공급계약체결(자회사의 주요경영사항),https://dart.fss.or.kr/dsaf001/main.do?rcpNo=20260202800947,,
대한조선,2026-01-29,"원유운반선(157,000 DWT) 2척",탱커,2,"254,100,000,000",2026-01-28,2029-05-31,"1,448.80",,,,,,,단일판매ㆍ공급계약체결,https://dart.fss.or.kr/dsaf001/main.do?rcpNo=20260129800084,,
삼성중공업,2026-01-28,LNG운반선 2척,LNG운반선,2,"727,200,000,000",2026-01-27,2029-01-31,"1,442.8",,,,,,,단일판매ㆍ공급계약체결,https://dart.fss.or.kr/dsaf001/main.do?rcpNo=20260128800218,,
삼성중공업,2026-01-28,에탄운반선 2척,가스선,2,"430,900,000,000",2026-01-27,2029-01-15,"1,442.8",,,,,,,단일판매ㆍ공급계약체결,https://dart.fss.or.kr/dsaf001/main.do?rcpNo=20260128800216,,
한화오션,2026-01-21,LNGC 2척,LNG운반선,2,"738,300,000,000",2026-01-20,2029-06-29,"1,473.60",,,,,,,단일판매ㆍ공급계약체결,https://dart.fss.or.kr/dsaf001/main.do?rcpNo=20260121800115,,
HD현대중공업,2026-01-20,"157,000 DWT 원유운반선 2척, 115,000 DWT P/C선 2척",탱커,4,"481,600,000,000",2026-01-19,2029-06-30,"1,473.50",,,,,,,단일판매ㆍ공급계약체결,https://dart.fss.or.kr/dsaf001/main.do?rcpNo=20260120800200,,
HD현대삼호,2026-01-16,VLGC 1척,가스선,1,"175,800,000,000",2026-01-15,2028-05-31,1477.50,,,,,,,단일판매ㆍ공급계약체결(자회사의 주요경영사항),https://dart.fss.or.kr/dsaf001/main.do?rcpNo=20260116800207,,
한화오션,2026-01-15,VLCC 3척,탱커,3,"572,200,000,000",2026-01-14,2029-04-30,"1,472.80",,,,,,,단일판매ㆍ공급계약체결,https://dart.fss.or.kr/dsaf001/main.do?rcpNo=20260115800042,,
대한조선,2026-01-15,"원유운반선(157,000 DWT) 2척",탱커,2,"253,900,000,000",2026-01-14,2029-04-30,"1,472.80",,,,,,,단일판매ㆍ공급계약체결,https://dart.fss.or.kr/dsaf001/main.do?rcpNo=20260115800029,,
대한조선,2026-01-14,"원유운반선(157,000 DWT) 2척",탱커,2,"251,800,000,000",2026-01-13,2028-11-30,"1,464.10",,,,,,,단일판매ㆍ공급계약체결,https://dart.fss.or.kr/dsaf001/main.do?rcpNo=20260114800029,,
HD현대중공업,2026-01-06,LNGC 4척,LNG운반선,4,"1,499,300,000,000",2026-01-05,2029-03-27,"1,442.10",,,,,,,단일판매ㆍ공급계약체결,https://dart.fss.or.kr/dsaf001/main.do?rcpNo=20260106800134,,
삼성중공업,2026-01-02,LNG운반선 2척,LNG운반선,2,"721,100,000,000",2025-12-31,2028-09-15,"1,434.9",,,,,,,단일판매ㆍ공급계약체결,https://dart.fss.or.kr/dsaf001/main.do?rcpNo=20260102800222,,
HD현대중공업,2025-12-26,수상함 2척,특수선/방산,2,"844,700,000,000",2025-12-26,2029-12-20,"1,460.60",,,,,,,단일판매ㆍ공급계약체결,https://dart.fss.or.kr/dsaf001/main.do?rcpNo=20251226800842,,
HD현대중공업,2025-12-24,P/C선 5척,탱커,5,"375,000,000,000",2025-12-23,2028-07-31,"1,478.90",,,,,,,단일판매ㆍ공급계약체결,https://dart.fss.or.kr/dsaf001/main.do?rcpNo=20251224800145,,
한화오션,2025-12-23,신안우이해상풍력 발전소 설계·구매·시공(EPC) 계약,미분류,,"1,971,600,000,000",2025-12-22,2029-06-19,,,,,,,,단일판매ㆍ공급계약체결,https://dart.fss.or.kr/dsaf001/main.do?rcpNo=20251223800047,,
삼성중공업,2025-12-23,LNG운반선 2척,LNG운반선,2,"743,000,000,000",2025-12-22,2029-03-31,"1,477.8",,,,,,,단일판매ㆍ공급계약체결,https://dart.fss.or.kr/dsaf001/main.do?rcpNo=20251223800127,,
한화오션,2025-12-19,LNGC 7척,LNG운반선,7,"2,589,100,000,000",2025-12-18,2029-06-30,"1,478.60",,,,,,,단일판매ㆍ공급계약체결,https://dart.fss.or.kr/dsaf001/main.do?rcpNo=20251219800049,,
HD현대삼호,2025-12-19,컨테이너선 4척,컨테이너선,4,"689,600,000,000",2025-12-18,2028-11-20,1478.60,"157,000 DWT 원유운반선 4척",탱커,4,"529,300,000,000",2028-10-31,,단일판매ㆍ공급계약체결(자회사의 주요경영사항),https://dart.fss.or.kr/dsaf001/main.do?rcpNo=20251219800433,https://dart.fss.or.kr/dsaf001/main.do?rcpNo=20260304800002,
HD현대중공업,2025-12-11,VLAC 2척,가스선,2,"354,200,000,000",2025-12-10,2028-07-31,"1,470.40",,,,,,,단일판매ㆍ공급계약체결(자율공시),https://dart.fss.or.kr/dsaf001/main.do?rcpNo=20251211800371,,
한화오션,2025-12-02,VLCC 2척,탱커,2,"375,300,000,000",2025-12-01,2028-12-31,"1,465.90",,,,,,,단일판매ㆍ공급계약체결,https://dart.fss.or.kr/dsaf001/main.do?rcpNo=20251202800041,,
HD현대삼호,2025-12-02,LNGC 1척,LNG운반선,1,"367,200,000,000",2025-12-01,2028-12-31,1465.90,,,,,,,단일판매ㆍ공급계약체결(자회사의 주요경영사항),https://dart.fss.or.kr/dsaf001/main.do?rcpNo=20251202800104,,
한화오션,2025-11-28,컨테이너선 4척,컨테이너선,4,"1,070,700,000,000",2025-11-27,2029-02-28,"1,462.70",,,,,,,단일판매ㆍ공급계약체결,https://dart.fss.or.kr/dsaf001/main.do?rcpNo=20251128800098,,
한화오션,2025-11-24,VLCC 4척,탱커,4,"757,700,000,000",2025-11-21,2028-11-30,"1,468.40",,,,,,,단일판매ㆍ공급계약체결,https://dart.fss.or.kr/dsaf001/main.do?rcpNo=20251124800090,,
HD현대중공업,2025-11-24,컨테이너선 2척,컨테이너선,2,"534,600,000,000",2025-11-21,2028-07-14,"1,468.40",,,,,,,단일판매ㆍ공급계약체결,https://dart.fss.or.kr/dsaf001/main.do?rcpNo=20251124800125,,
HD현대삼호,2025-11-24,컨테이너선 6척,컨테이너선,6,"1,603,700,000,000",2025-11-21,2029-04-30,1468.40,,,,,,,단일판매ㆍ공급계약체결(자회사의 주요경영사항),https://dart.fss.or.kr/dsaf001/main.do?rcpNo=20251124800131,,
HD현대삼호,2025-11-21,VLCC 4척,탱커,4,"762,700,000,000",2025-11-20,2029-08-13,1465.00,,,,,,,단일판매ㆍ공급계약체결(자회사의 주요경영사항),https://dart.fss.or.kr/dsaf001/main.do?rcpNo=20251121800424,,
삼성중공업,2025-11-20,컨테이너선 7척,컨테이너선,7,"1,922,000,000,000",2025-11-19,2029-11-30,"1,465.2",,,,,,,단일판매ㆍ공급계약체결,https://dart.fss.or.kr/dsaf001/main.do?rcpNo=20251120800137,,
대한조선,2025-11-18,"원유운반선(157,000 DWT) 1척",탱커,1,"127,400,000,000",2025-11-17,2027-12-31,"1,458.50",,,,,,,단일판매ㆍ공급계약체결,https://dart.fss.or.kr/dsaf001/main.do?rcpNo=20251118800028,,
HD현대삼호,2025-11-18,LNGC 2척,LNG운반선,2,"741,200,000,000",2025-11-17,2028-11-30,1458.50,,,,,,,단일판매ㆍ공급계약체결(자회사의 주요경영사항),https://dart.fss.or.kr/dsaf001/main.do?rcpNo=20251118800094,,
HD현대미포,2025-11-17,115K P/C 2척,탱커,2,"219,400,000,000",2025-11-15,2029-02-28,"1,469.5",,,,,,,단일판매ㆍ공급계약체결,https://dart.fss.or.kr/dsaf001/main.do?rcpNo=20251117800223,,
HD현대중공업,2025-11-14,"157,000 DWT 원유운반선 2척",탱커,2,"256,200,000,000",2025-11-13,2028-10-31,"1,466.40",,,,,,,단일판매ㆍ공급계약체결(자율공시),https://dart.fss.or.kr/dsaf001/main.do?rcpNo=20251114800376,,
HD현대중공업,2025-11-10,컨테이너선 2척,컨테이너선,2,"435,300,000,000",2025-11-07,2028-10-31,"1,445.60",,,,,,,단일판매ㆍ공급계약체결,https://dart.fss.or.kr/dsaf001/main.do?rcpNo=20251110800036,,
삼성중공업,2025-11-07,유조선 2척,탱커,2,"290,100,000,000",2025-11-06,2029-01-31,"1,447.0",,,,,,,단일판매ㆍ공급계약체결,https://dart.fss.or.kr/dsaf001/main.do?rcpNo=20251107800084,,
HD현대중공업,2025-10-30,KSS-II 성능개량 체계개발사업,미분류,,"468,900,000,000",2025-10-29,2033-12-20,,,,,,,,단일판매ㆍ공급계약체결,https://dart.fss.or.kr/dsaf001/main.do?rcpNo=20251030800164,,
삼성중공업,2025-10-24,유조선 3척,탱커,3,"341,100,000,000",2025-10-23,2029-03-31,"1,430.1",,,,,,,단일판매ㆍ공급계약체결,https://dart.fss.or.kr/dsaf001/main.do?rcpNo=20251024800041,,
HD현대중공업,2025-10-20,VLCC 2척,탱커,2,"363,300,000,000",2025-10-17,2027-11-30,"1,419.10",,,,,,,단일판매ㆍ공급계약체결,https://dart.fss.or.kr/dsaf001/main.do?rcpNo=20251020800152,,
대한조선,2025-10-15,컨테이너선 2척,컨테이너선,2,"329,800,000,000",2025-10-14,2028-06-30,"1,427.70",,,,,,,단일판매ㆍ공급계약체결,https://dart.fss.or.kr/dsaf001/main.do?rcpNo=20251015800073,,
한화오션,2025-10-01,LNGC 1척,LNG운반선,1,"353,400,000,000",2025-09-30,2028-05-31,"1,402.20",,,,,,,단일판매ㆍ공급계약체결,https://dart.fss.or.kr/dsaf001/main.do?rcpNo=20251001800067,,
대한조선,2025-10-01,"원유운반선(157,000 DWT) 1척",탱커,1,"119,200,000,000",2025-09-30,2027-10-31,"1,402.20",,,,,,,단일판매ㆍ공급계약체결,https://dart.fss.or.kr/dsaf001/main.do?rcpNo=20251001800065,,
대한조선,2025-09-30,"원유운반선(157,000 DWT) 1척",탱커,1,"122,300,000,000",2025-09-29,2027-06-30,"1,411.60",,,,,,,단일판매ㆍ공급계약체결,https://dart.fss.or.kr/dsaf001/main.do?rcpNo=20250930800053,,
HD현대미포,2025-09-29,컨테이너선 1척,컨테이너선,1,"62,700,000,000",2025-09-29,2027-09-30,"1,411.6",,,,,,,단일판매ㆍ공급계약체결(자율공시),https://dart.fss.or.kr/dsaf001/main.do?rcpNo=20250929800153,,
HD현대미포,2025-09-29,컨테이너선 2척,컨테이너선,2,"159,700,000,000",2025-09-29,2027-10-05,"1,411.6",,,,,,,단일판매ㆍ공급계약체결,https://dart.fss.or.kr/dsaf001/main.do?rcpNo=20250929800146,,
대한조선,2025-09-22,"원유운반선(157,000 DWT) 2척",탱커,2,"239,500,000,000",2025-09-19,2027-09-30,"1,384.60",,,,,,,단일판매ㆍ공급계약체결,https://dart.fss.or.kr/dsaf001/main.do?rcpNo=20250922800051,,
대한조선,2025-09-22,"원유운반선(157,200 DWT) 4척",탱커,4,"475,300,000,000",2025-09-19,2028-09-30,"1,384.60",,,,,,,단일판매ㆍ공급계약체결,https://dart.fss.or.kr/dsaf001/main.do?rcpNo=20250922800050,,
한화오션,2025-09-17,컨테이너선 7척,컨테이너선,7,"1,933,600,000,000",2025-09-16,2029-05-31,"1,389.50",,,,,,,단일판매ㆍ공급계약체결,https://dart.fss.or.kr/dsaf001/main.do?rcpNo=20250917800008,,
HD현대삼호,2025-09-15,컨테이너선 4척,컨테이너선,4,"651,900,000,000",2025-09-12,2028-07-26,1389.40,,,,,,,단일판매ㆍ공급계약체결(자회사의 주요경영사항),https://dart.fss.or.kr/dsaf001/main.do?rcpNo=20250915800100,,
HD현대중공업,2025-09-08,컨테이너선 2척,컨테이너선,2,"409,500,000,000",2025-09-05,2028-02-28,"1,392.70",,,,,,,단일판매ㆍ공급계약체결,https://dart.fss.or.kr/dsaf001/main.do?rcpNo=20250908800058,,
한화오션,2025-09-05,LNGC 1척,LNG운반선,1,"351,200,000,000",2025-09-04,2028-03-31,"1,393.80",,,,,,,단일판매ㆍ공급계약체결,https://dart.fss.or.kr/dsaf001/main.do?rcpNo=20250905800030,,
HD현대삼호,2025-09-04,"157,000 DWT 원유운반선 2척",탱커,2,"242,200,000,000",2025-09-03,2027-12-15,"1,392.20",,,,,,,단일판매ㆍ공급계약체결(자회사의 주요경영사항),https://dart.fss.or.kr/dsaf001/main.do?rcpNo=20250904800194,,
한화오션,2025-08-27,LNGC 1척,LNG운반선,1,"346,600,000,000",2025-08-26,2028-02-29,"1,386.30",,,,,,,단일판매ㆍ공급계약체결,https://dart.fss.or.kr/dsaf001/main.do?rcpNo=20250827800001,,
삼성중공업,2025-08-18,LNG운반선 4척,LNG운반선,4,"1,435,000,000,000",2025-08-15,2028-11-30,"1,383.8",,,,,,,단일판매ㆍ공급계약체결,https://dart.fss.or.kr/dsaf001/main.do?rcpNo=20250818800098,,
삼성중공업,2025-08-18,LNG운반선 2척,LNG운반선,2,"705,700,000,000",2025-08-15,2028-01-31,"1,383.8",,,,,,,단일판매ㆍ공급계약체결,https://dart.fss.or.kr/dsaf001/main.do?rcpNo=20250818800096,,
한화오션,2025-07-29,차세대 쇄빙연구선 1척,쇄빙선,1,"279,400,000,000",2025-07-29,2029-06-07,,,,,,,,단일판매ㆍ공급계약체결,https://dart.fss.or.kr/dsaf001/main.do?rcpNo=20250729800308,,
한화오션,2025-07-29,VLCC 2척,탱커,2,"353,600,000,000",2025-07-28,2028-01-31,"1,376.00",,,,,,,단일판매ㆍ공급계약체결,https://dart.fss.or.kr/dsaf001/main.do?rcpNo=20250729800036,,
HD현대미포,2025-07-24,컨테이너선 2척,컨테이너선,2,"156,400,000,000",2025-07-23,2027-09-30,1386.3,,,,,,,단일판매ㆍ공급계약체결,https://dart.fss.or.kr/dsaf001/main.do?rcpNo=20250724800118,,
한화오션,2025-07-22,LNGC 1척,LNG운반선,1,"348,000,000,000",2025-07-21,2028-01-31,"1,391.90",,,,,,,단일판매ㆍ공급계약체결,https://dart.fss.or.kr/dsaf001/main.do?rcpNo=20250722800022,,
삼성중공업,2025-07-21,P4 Ph4(상동) 마감공사,토건,,"392,590,000,000",2025-07-18,2027-07-31,,,,,"499,950,000,000",2027-04-30,,단일판매ㆍ공급계약체결,https://dart.fss.or.kr/dsaf001/main.do?rcpNo=20250721800070,https://dart.fss.or.kr/dsaf001/main.do?rcpNo=20250924800262,
HD현대중공업,2025-07-08,컨테이너선 2척,컨테이너선,2,"417,400,000,000",2025-07-07,2028-03-31,"1,364.20",,,,,,,단일판매ㆍ공급계약체결,https://dart.fss.or.kr/dsaf001/main.do?rcpNo=20250708800090,,
HD현대삼호,2025-07-08,컨테이너선 2척,컨테이너선,2,"417,400,000,000",2025-07-07,2028-06-30,"1,364.20",,,,,,,단일판매ㆍ공급계약체결(자회사의 주요경영사항),https://dart.fss.or.kr/dsaf001/main.do?rcpNo=20250708800093,,
삼성중공업,2025-07-07,해양생산설비 본 계약 체결전 예비 작업,해양플랜트,,"869,400,000,000",2025-07-04,2025-09-30,"1,358.1",,,,"1,553,900,000,000",2026-06-08,,단일판매ㆍ공급계약체결,https://dart.fss.or.kr/dsaf001/main.do?rcpNo=20250707800058,https://dart.fss.or.kr/dsaf001/main.do?rcpNo=20260213801163 | https://dart.fss.or.kr/dsaf001/main.do?rcpNo=20260430800985 | https://dart.fss.or.kr/dsaf001/main.do?rcpNo=20260608800716,
HD현대삼호,2025-06-27,LNGC 4척,LNG운반선,4,"1,396,300,000,000",2025-06-26,2028-08-16,"1,360.90","157,000 DWT 원유운반선 4척",탱커,4,"529,300,000,000",2028-10-31,,단일판매ㆍ공급계약체결(자회사의 주요경영사항),https://dart.fss.or.kr/dsaf001/main.do?rcpNo=20250627800140,https://dart.fss.or.kr/dsaf001/main.do?rcpNo=20251219800421 | https://dart.fss.or.kr/dsaf001/main.do?rcpNo=20260304800002,
HD현대삼호,2025-06-23,"157,000 DWT 원유운반선 2척",탱커,2,"245,300,000,000",2025-06-20,2027-06-16,1379.60,,,,,,,단일판매ㆍ공급계약체결(자회사의 주요경영사항),https://dart.fss.or.kr/dsaf001/main.do?rcpNo=20250623800154,,
HD현대중공업,2025-06-13,VLCC 2척,탱커,2,"349,000,000,000",2025-06-12,2027-08-31,"1,368.80",,,,,,,단일판매ㆍ공급계약체결(자율공시),https://dart.fss.or.kr/dsaf001/main.do?rcpNo=20250613800119,,
HD현대중공업,2025-06-10,컨테이너선 8척,컨테이너선,8,"2,400,000,000,000",2025-06-09,2028-11-30,"1,359.0",,,,,,,단일판매ㆍ공급계약체결,https://dart.fss.or.kr/dsaf001/main.do?rcpNo=20250610800109,,
HD현대삼호,2025-05-30,컨테이너선 2척,컨테이너선,2,"386,800,000,000",2025-05-29,2028-03-31,1374.60,,,,,,,단일판매ㆍ공급계약체결(자회사의 주요경영사항),https://dart.fss.or.kr/dsaf001/main.do?rcpNo=20250530800505,,
HD현대미포,2025-05-23,18K LNG BV 2척,LNG벙커링선,2,"270,600,000,000",2025-05-22,2027-11-30,1387.1,,,,,,,단일판매ㆍ공급계약체결,https://dart.fss.or.kr/dsaf001/main.do?rcpNo=20250523800249,,
HD현대삼호,2025-05-07,157K T/K 2척,탱커,2,"251,100,000,000",2025-05-02,2027-02-03,1426.90,,,,,,,단일판매ㆍ공급계약체결(자회사의 주요경영사항),https://dart.fss.or.kr/dsaf001/main.do?rcpNo=20250507800174,,
HD현대미포,2025-05-02,LPG 운반선 2척,가스선,2,"212,200,000,000",2025-04-30,2027-12-31,1438.5,,,,,,,단일판매ㆍ공급계약체결,https://dart.fss.or.kr/dsaf001/main.do?rcpNo=20250502800059,,
한화오션,2025-04-28,VLCC 2척,탱커,2,"371,000,000,000",2025-04-25,2027-07-30,"1,430.20",,,,,,,단일판매ㆍ공급계약체결,https://dart.fss.or.kr/dsaf001/main.do?rcpNo=20250428800105,,
삼성중공업,2025-04-28,컨테이너선 2척,컨테이너선,2,"561,900,000,000",2025-04-25,2028-01-31,"1,430.2",,,,,,,단일판매ㆍ공급계약체결,https://dart.fss.or.kr/dsaf001/main.do?rcpNo=20250428800076,,
HD현대삼호,2025-04-28,컨테이너선 4척,컨테이너선,4,"804,900,000,000",2025-04-26,2028-01-12,1430.20,,,,,,,단일판매ㆍ공급계약체결(자회사의 주요경영사항),https://dart.fss.or.kr/dsaf001/main.do?rcpNo=20250428800173,,
HD현대미포,2025-04-28,컨테이너선 8척,컨테이너선,8,"631,600,000,000",2025-04-26,2027-09-30,1430.2,,,,,,,단일판매ㆍ공급계약체결,https://dart.fss.or.kr/dsaf001/main.do?rcpNo=20250428800171,,
HD현대미포,2025-04-28,컨테이너선 6척,컨테이너선,6,"380,000,000,000",2025-04-26,2027-11-30,1430.2,,,,,,,단일판매ㆍ공급계약체결,https://dart.fss.or.kr/dsaf001/main.do?rcpNo=20250428800166,,
HD현대삼호,2025-04-25,컨테이너선 2척,컨테이너선,2,"559,600,000,000",2025-04-24,2028-06-30,1426.60,,,,,,,단일판매ㆍ공급계약체결(자회사의 주요경영사항),https://dart.fss.or.kr/dsaf001/main.do?rcpNo=20250425800116,,
HD현대미포,2025-04-24,컨테이너선 2척,컨테이너선,2,"159,300,000,000",2025-04-23,2027-05-31,1422.6,,,,,,,단일판매ㆍ공급계약체결,https://dart.fss.or.kr/dsaf001/main.do?rcpNo=20250424800253,,
HD현대미포,2025-04-17,45K (LPG D/F) LPGC 2척,가스선,2,"230,600,000,000",2025-04-16,2027-07-31,1423.3,,,,,,,단일판매ㆍ공급계약체결,https://dart.fss.or.kr/dsaf001/main.do?rcpNo=20250417800279,,
삼성중공업,2025-04-08,유조선 4척,탱커,4,"477,800,000,000",2025-04-07,2028-12-31,"1,439.3",,,,,,,단일판매ㆍ공급계약체결,https://dart.fss.or.kr/dsaf001/main.do?rcpNo=20250408800489,,
HD현대삼호,2025-04-03,LNGC 1척,LNG운반선,1,"385,300,000,000",2025-04-02,2027-12-31,"1,471.70",,,,,,,단일판매ㆍ공급계약체결(자회사의 주요경영사항),https://dart.fss.or.kr/dsaf001/main.do?rcpNo=20250403800347,,
HD현대삼호,2025-04-02,157K T/K 2척,탱커,2,"257,600,000,000",2025-04-01,2027-05-31,"1,470.60",,,,,,,단일판매ㆍ공급계약체결(자회사의 주요경영사항),https://dart.fss.or.kr/dsaf001/main.do?rcpNo=20250402800276,,
한화오션,2025-04-01,VLCC 2척,탱커,2,"378,400,000,000",2025-03-31,2027-05-31,"1,466.50",,,,,,,단일판매ㆍ공급계약체결,https://dart.fss.or.kr/dsaf001/main.do?rcpNo=20250401800363,,
삼성중공업,2025-03-18,에탄운반선 2척,가스선,2,"466,100,000,000",2025-03-17,2028-02-29,"1,454.8",,,,,,,단일판매ㆍ공급계약체결,https://dart.fss.or.kr/dsaf001/main.do?rcpNo=20250318800145,,
한화오션,2025-03-17,컨테이너선 6척,컨테이너선,6,"2,328,600,000,000",2025-03-14,2028-03-17,"1,451.90",,,,,,,단일판매ㆍ공급계약체결,https://dart.fss.or.kr/dsaf001/main.do?rcpNo=20250317800068,https://dart.fss.or.kr/dsaf001/main.do?rcpNo=20250318800716,20250318 정정: 정정사유: 공시유보 해제
삼성중공업,2025-03-17,셔틀탱커 9척,탱커,9,"1,935,500,000,000",2025-03-14,2028-12-31,"1,451.9",,,,,,,단일판매ㆍ공급계약체결,https://dart.fss.or.kr/dsaf001/main.do?rcpNo=20250317800118,,
HD현대중공업,2025-03-04,VLEC 2척,가스선,2,"458,800,000,000",2025-02-28,2028-12-31,"1,439.60",,,,,,,단일판매ㆍ공급계약체결,https://dart.fss.or.kr/dsaf001/main.do?rcpNo=20250304800166,,
한화오션,2025-02-25,MCS Plant 구축 공사,미분류,,"294,000,000,000",2025-02-25,2026-12-31,,,,,"424,500,000,000",2028-01-31,,단일판매ㆍ공급계약체결,https://dart.fss.or.kr/dsaf001/main.do?rcpNo=20250225800348,https://dart.fss.or.kr/dsaf001/main.do?rcpNo=20260528800927,
한화오션,2025-02-10,LNGC 2척,LNG운반선,2,"732,200,000,000",2025-02-07,2027-09-30,"1,447.10",,,,,,,단일판매ㆍ공급계약체결,https://dart.fss.or.kr/dsaf001/main.do?rcpNo=20250210801035,,
HD현대미포,2025-02-10,18K LNG BV 4척,LNG벙커링선,4,"538,300,000,000",2025-02-07,2028-09-30,1447.1,,,,,,,단일판매ㆍ공급계약체결,https://dart.fss.or.kr/dsaf001/main.do?rcpNo=20250210800279,,
HD현대중공업,2025-01-23,초대형 컨테이너선 12척,컨테이너선,12,"3,716,000,000,000",2025-01-22,2028-12-29,"1,437.90",,,,,,,단일판매ㆍ공급계약체결,https://dart.fss.or.kr/dsaf001/main.do?rcpNo=20250123800036,,
삼성중공업,2025-01-20,LNG 운반선 1척,LNG운반선,1,"379,600,000,000",2025-01-17,2027-06-30,"1,454.7",,,,,,,단일판매ㆍ공급계약체결,https://dart.fss.or.kr/dsaf001/main.do?rcpNo=20250120800318,,
HD현대삼호,2025-01-20,광양항 자동화부두 컨테이너크레인 8기 제작·설치,미분류,,"205,900,000,000",2025-01-21,2029-01-20,,,,,,,,단일판매ㆍ공급계약체결(자회사의 주요경영사항),https://dart.fss.or.kr/dsaf001/main.do?rcpNo=20250120800744,,
삼성중공업,2024-12-26,에탄운반선 3척,가스선,3,"742,200,000,000",2024-12-24,2027-12-31,"1,449.3",,,,,,,단일판매ㆍ공급계약체결,https://dart.fss.or.kr/dsaf001/main.do?rcpNo=20241226800085,https://dart.fss.or.kr/dsaf001/main.do?rcpNo=20250123800869,20250123 정정: 기타 투자판단과 관련한 중요사항 변경: 문구 삭제
한화오션,2024-12-19,수상함 2척,특수선/방산,2,"839,100,000,000",2024-12-18,2030-12-31,,,,,,,,단일판매ㆍ공급계약체결,https://dart.fss.or.kr/dsaf001/main.do?rcpNo=20241219800118,,
HD현대삼호,2024-11-29,컨테이너선 4척,컨테이너선,4,"1,099,700,000,000",2024-11-29,2028-11-06,"1,394.70",,,,,2027-11-26,,단일판매ㆍ공급계약체결(자회사의 주요경영사항),https://dart.fss.or.kr/dsaf001/main.do?rcpNo=20241129800744,https://dart.fss.or.kr/dsaf001/main.do?rcpNo=20250424800820,
삼성중공업,2024-11-25,컨테이너선 4척,컨테이너선,4,"1,098,500,000,000",2024-11-22,2027-12-31,"1,398.1",,,,,,,단일판매ㆍ공급계약체결,https://dart.fss.or.kr/dsaf001/main.do?rcpNo=20241125800093,,
한화오션,2024-11-18,VLGC 2척,가스선,2,"333,300,000,000",2024-11-15,2027-11-13,"1,406.40",,,,,,,단일판매ㆍ공급계약체결,https://dart.fss.or.kr/dsaf001/main.do?rcpNo=20241118800073,,
HD현대중공업,2024-11-18,VLGC 2척,가스선,2,"340,300,000,000",2024-11-15,2027-12-31,"1,406.40",,,,,,,단일판매ㆍ공급계약체결,https://dart.fss.or.kr/dsaf001/main.do?rcpNo=20241118800037,,
한화오션,2024-11-11,LNGC 2척,LNG운반선,2,"713,500,000,000",2024-11-08,2027-12-15,"1,399.10",,,,,,,단일판매ㆍ공급계약체결,https://dart.fss.or.kr/dsaf001/main.do?rcpNo=20241111800103,,
HD현대미포,2024-11-08,18K LNG BV 4척,LNG벙커링선,4,"514,800,000,000",2024-11-07,2028-10-31,1391.5,,,,,,,단일판매ㆍ공급계약체결,https://dart.fss.or.kr/dsaf001/main.do?rcpNo=20241108800710,,
HD현대삼호,2024-11-07,컨테이너선 2척,컨테이너선,2,"317,600,000,000",2024-11-06,2027-03-17,"1,377.80",,,,,,,단일판매ㆍ공급계약체결(자회사의 주요경영사항),https://dart.fss.or.kr/dsaf001/main.do?rcpNo=20241107800479,,
삼성중공업,2024-11-01,유조선 4척,탱커,4,"459,300,000,000",2024-10-31,2027-12-31,"1,383.3",,,,,,,단일판매ㆍ공급계약체결,https://dart.fss.or.kr/dsaf001/main.do?rcpNo=20241101800164,,
삼성중공업,2024-10-31,LNG 운반선 1척,LNG운반선,1,"358,200,000,000",2024-10-30,2027-06-30,"1,383.1",,,,,,,단일판매ㆍ공급계약체결,https://dart.fss.or.kr/dsaf001/main.do?rcpNo=20241031800038,,
HD현대중공업,2024-10-15,VLAC 2척,가스선,2,"339,600,000,000",2024-10-14,2027-09-30,"1,348.60","157,000 DWT 원유운반선 2척",탱커,2,"237,400,000,000",,,단일판매ㆍ공급계약체결,https://dart.fss.or.kr/dsaf001/main.do?rcpNo=20241015800035,https://dart.fss.or.kr/dsaf001/main.do?rcpNo=20250521800001,
한화오션,2024-10-10,컨테이너선 6척,컨테이너선,6,"1,693,200,000,000",2024-10-09,2028-12-29,"1,346.50",,,,,,,단일판매ㆍ공급계약체결,https://dart.fss.or.kr/dsaf001/main.do?rcpNo=20241010800064,,
한화오션,2024-10-02,FSRU 1척,LNG운반선,1,"545,400,000,000",2024-09-30,2027-10-15,"1,319.60",,,,,,,단일판매ㆍ공급계약체결,https://dart.fss.or.kr/dsaf001/main.do?rcpNo=20241002800087,,
삼성중공업,2024-10-02,LNG 운반선 2척,LNG운반선,2,"678,300,000,000",2024-09-30,2027-04-30,"1,319.6",,,,,,,단일판매ㆍ공급계약체결,https://dart.fss.or.kr/dsaf001/main.do?rcpNo=20241002800072,,
HD현대삼호,2024-10-02,ULEC 2척,가스선,2,"546,100,000,000",2024-09-30,2027-09-30,"1,319.60",,,,,,,단일판매ㆍ공급계약체결(자회사의 주요경영사항),https://dart.fss.or.kr/dsaf001/main.do?rcpNo=20241002800140,,
HD현대미포,2024-10-02,12.5K LNG BV 1척,LNG벙커링선,1,"116,200,000,000",2024-09-30,2027-05-31,1319.6,,,,,,,단일판매ㆍ공급계약체결,https://dart.fss.or.kr/dsaf001/main.do?rcpNo=20241002800139,,
HD현대미포,2024-10-02,45K LPGC 2척,가스선,2,"219,100,000,000",2024-09-30,2027-07-31,1319.6,,,,,2028-12-29,,단일판매ㆍ공급계약체결,https://dart.fss.or.kr/dsaf001/main.do?rcpNo=20241002800137,https://dart.fss.or.kr/dsaf001/main.do?rcpNo=20250203800964,
HD현대삼호,2024-09-27,컨테이너선 4척,컨테이너선,4,"674,600,000,000",2024-09-26,2027-05-15,"1,328.40",,,,,2026-11-30,,단일판매ㆍ공급계약체결(자회사의 주요경영사항),https://dart.fss.or.kr/dsaf001/main.do?rcpNo=20240927800190,https://dart.fss.or.kr/dsaf001/main.do?rcpNo=20250611800391,
HD현대미포,2024-09-25,컨테이너선 6척,컨테이너선,6,"403,900,000,000",2024-09-24,2027-08-31,1335.5,,,,,,,단일판매ㆍ공급계약체결,https://dart.fss.or.kr/dsaf001/main.do?rcpNo=20240925800117,,
HD현대미포,2024-09-05,18K LNG BV 2척,LNG벙커링선,2,"247,900,000,000",2024-09-04,2027-11-30,1341.0,18K LNG BV 1척,LNG벙커링선,1,"126,000,000,000",2027-07-31,,단일판매ㆍ공급계약체결,https://dart.fss.or.kr/dsaf001/main.do?rcpNo=20240905800153,https://dart.fss.or.kr/dsaf001/main.do?rcpNo=20250801800779,
HD현대미포,2024-08-28,45K LPGC 2척,가스선,2,"197,300,000,000",2024-08-27,2027-05-31,1323.9,,,,,,,단일판매ㆍ공급계약체결,https://dart.fss.or.kr/dsaf001/main.do?rcpNo=20240828800119,,
한화오션,2024-08-23,군수지원함 1척,특수선/방산,1,"460,200,000,000",2024-08-23,2028-12-31,,,,,,,,단일판매ㆍ공급계약체결,https://dart.fss.or.kr/dsaf001/main.do?rcpNo=20240823800495,,
HD현대미포,2024-08-07,45K LPGC 2척,가스선,2,"219,500,000,000",2024-08-06,2027-04-30,1360.6,,,,,,,단일판매ㆍ공급계약체결,https://dart.fss.or.kr/dsaf001/main.do?rcpNo=20240807800182,,
HD현대중공업,2024-07-15,컨테이너선 6척,컨테이너선,6,"1,841,600,000,000",2024-07-12,2028-06-30,"1,380.10",,,,,,,단일판매ㆍ공급계약체결,https://dart.fss.or.kr/dsaf001/main.do?rcpNo=20240715800151,,
HD현대삼호,2024-07-15,컨테이너선 6척,컨테이너선,6,"1,841,600,000,000",2024-07-12,2028-06-15,"1,380.10",,,,,,,단일판매ㆍ공급계약체결(자회사의 주요경영사항),https://dart.fss.or.kr/dsaf001/main.do?rcpNo=20240715800158,,
HD현대중공업,2024-07-08,VLGC 2척,가스선,2,"343,000,000,000",2024-07-05,2027-06-30,"1,381.90",,,,,,,단일판매ㆍ공급계약체결,https://dart.fss.or.kr/dsaf001/main.do?rcpNo=20240708800114,,
HD현대미포,2024-07-08,50K P/C 2척,탱커,2,"149,500,000,000",2024-07-05,2027-03-31,1381.9,,,,,,,단일판매ㆍ공급계약체결,https://dart.fss.or.kr/dsaf001/main.do?rcpNo=20240708800111,,
HD현대삼호,2024-07-04,VLAC 2척,가스선,2,"328,600,000,000",2024-07-03,2028-09-29,"1,387.40",,,,,,,단일판매ㆍ공급계약체결(자회사의 주요경영사항),https://dart.fss.or.kr/dsaf001/main.do?rcpNo=20240704800367,,
HD현대삼호,2024-07-02,부산항 신항 서컨 2-6단계 컨테이너크레인 제작·설치,미분류,,"179,600,000,000",2024-07-02,2027-07-02,,,,,,,,단일판매ㆍ공급계약체결(자회사의 주요경영사항),https://dart.fss.or.kr/dsaf001/main.do?rcpNo=20240702800530,,
한화오션,2024-07-01,LNGC 4척,LNG운반선,4,"1,438,100,000,000",2024-06-30,2028-10-27,"1,389.20",,,,,,,단일판매ㆍ공급계약체결,https://dart.fss.or.kr/dsaf001/main.do?rcpNo=20240701800084,,
한화오션,2024-07-01,VLCC 4척,탱커,4,"719,600,000,000",2024-06-28,2027-04-30,"1,389.20",,,,,,,단일판매ㆍ공급계약체결,https://dart.fss.or.kr/dsaf001/main.do?rcpNo=20240701800088,,
삼성중공업,2024-07-01,LNG 운반선 4척,LNG운반선,4,"1,438,100,000,000",2024-06-30,2028-08-31,"1,389.2",,,,,,,단일판매ㆍ공급계약체결,https://dart.fss.or.kr/dsaf001/main.do?rcpNo=20240701800160,,
HD현대미포,2024-07-01,37K P/C 4척,탱커,4,"266,700,000,000",2024-06-29,2026-06-30,1389.2,,,,,,,단일판매ㆍ공급계약체결,https://dart.fss.or.kr/dsaf001/main.do?rcpNo=20240701800126,,
삼성중공업,2024-06-14,P4 Ph3(상서)]FAB동 마감공사,토건,,"544,390,000,000",2024-06-17,2025-10-31,,,,,"554,183,300,000",2025-12-26,,단일판매ㆍ공급계약체결,https://dart.fss.or.kr/dsaf001/main.do?rcpNo=20240614800117,https://dart.fss.or.kr/dsaf001/main.do?rcpNo=20250925800330 | https://dart.fss.or.kr/dsaf001/main.do?rcpNo=20251226800865,
HD현대미포,2024-06-10,P/C 2척,탱커,2,"148,400,000,000",2024-06-07,2026-12-31,1371.5,,,,,,,단일판매ㆍ공급계약체결,https://dart.fss.or.kr/dsaf001/main.do?rcpNo=20240610800110,,
HD현대미포,2024-06-07,P/C 2척,탱커,2,"137,200,000,000",2024-06-05,2027-12-31,1373.1,,,,,,,단일판매ㆍ공급계약체결,https://dart.fss.or.kr/dsaf001/main.do?rcpNo=20240607800119,,
HD현대미포,2024-05-17,P/C 2척,탱커,2,"133,200,000,000",2024-05-16,2027-08-31,1369.0,,,,,,,단일판매ㆍ공급계약체결,https://dart.fss.or.kr/dsaf001/main.do?rcpNo=20240517800119,,
HD현대중공업,2024-05-03,LNGC 2척,LNG운반선,2,"733,400,000,000",2024-05-02,2028-05-31,"1,378.0",,,,,,,단일판매ㆍ공급계약체결,https://dart.fss.or.kr/dsaf001/main.do?rcpNo=20240503800152,,
HD현대미포,2024-05-02,MGC 4척,가스선,4,"389,900,000,000",2024-04-30,2027-11-30,1378.7,,,,"461,600,000,000",2028-07-31,,단일판매ㆍ공급계약체결,https://dart.fss.or.kr/dsaf001/main.do?rcpNo=20240502800446,https://dart.fss.or.kr/dsaf001/main.do?rcpNo=20250519800082,
한화오션,2024-04-30,해양제품 성능개량 사업,미분류,,"264,800,000,000",2024-04-29,2025-03-31,"1,375.90",,,,"293,200,000,000",,,단일판매ㆍ공급계약체결,https://dart.fss.or.kr/dsaf001/main.do?rcpNo=20240430800549,https://dart.fss.or.kr/dsaf001/main.do?rcpNo=20250227800634,
한화오션,2024-04-17,LPG 운반석 1척,가스선,1,"176,400,000,000",2024-04-25,2027-01-31,"1,383.70",LPG 운반선 1척,가스선,1,,,,단일판매ㆍ공급계약체결(자율공시),https://dart.fss.or.kr/dsaf001/main.do?rcpNo=20240417800094,https://dart.fss.or.kr/dsaf001/main.do?rcpNo=20240425800446,
HD현대중공업,2024-04-17,함정 4척 건조용 자재 및 장비 공급,특수선/방산,4,"640,600,000,000",2024-04-16,2030-01-16,"1,383.70",,,,"714,100,000,000",2031-04-13,,단일판매ㆍ공급계약체결,https://dart.fss.or.kr/dsaf001/main.do?rcpNo=20240417800110,https://dart.fss.or.kr/dsaf001/main.do?rcpNo=20250213800540,
HD현대삼호,2024-04-09,VLAC 4척,가스선,4,"631,900,000,000",2024-04-08,2028-07-01,"1,351.80",,,,,,,단일판매ㆍ공급계약체결(자회사의 주요경영사항),https://dart.fss.or.kr/dsaf001/main.do?rcpNo=20240409800332,,
HD현대미포,2024-04-03,50K P/C선 4척,탱커,4,"278,900,000,000",2024-04-02,2026-08-31,1347.1,,,,,,,단일판매ㆍ공급계약체결,https://dart.fss.or.kr/dsaf001/main.do?rcpNo=20240403800129,,
한화오션,2024-04-02,LNG 운반선 4척,LNG운반선,4,"1,239,100,000,000",2024-04-01,2027-08-13,"1,347.40",,,,,,,단일판매ㆍ공급계약체결,https://dart.fss.or.kr/dsaf001/main.do?rcpNo=20240402800137,,
HD현대미포,2024-04-01,45K D/F LPGC 4척,가스선,4,"420,700,000,000",2024-03-30,2027-05-31,1346.8,,,,,,,단일판매ㆍ공급계약체결,https://dart.fss.or.kr/dsaf001/main.do?rcpNo=20240401800556,,
HD현대미포,2024-04-01,115K P/C선 2척,탱커,2,"191,500,000,000",2024-03-29,2027-11-30,1346.8,,,,"240,900,000,000",2028-04-30,,단일판매ㆍ공급계약체결,https://dart.fss.or.kr/dsaf001/main.do?rcpNo=20240401800550,https://dart.fss.or.kr/dsaf001/main.do?rcpNo=20250310800979,
한화오션,2024-03-25,LNG 운반선8척,LNG운반선,8,"2,439,300,000,000",2024-03-24,2028-01-31,"1,326.30",,,,,,,단일판매ㆍ공급계약체결,https://dart.fss.or.kr/dsaf001/main.do?rcpNo=20240325800519,,
HD현대중공업,2024-03-18,VLAC 3척,가스선,3,"489,600,000,000",2024-03-15,2027-12-31,"1,316.90",,,,,,,단일판매ㆍ공급계약체결,https://dart.fss.or.kr/dsaf001/main.do?rcpNo=20240318800128,,
HD현대삼호,2024-03-12,원유운반선 4척,탱커,4,"688,000,000,000",2024-03-11,2027-12-16,1323.10,,,,,,,단일판매ㆍ공급계약체결(자회사의 주요경영사항),https://dart.fss.or.kr/dsaf001/main.do?rcpNo=20240312800339,,
HD현대중공업,2024-03-06,FSRU 1척,LNG운반선,1,"483,900,000,000",2024-03-05,2027-07-30,"1,330.10",,,,,,,단일판매ㆍ공급계약체결,https://dart.fss.or.kr/dsaf001/main.do?rcpNo=20240306800264,,
삼성중공업,2024-03-04,셔틀탱커 1척,탱커,1,"198,800,000,000",2024-02-29,2026-08-31,"1,334.0",,,,,,,단일판매ㆍ공급계약체결,https://dart.fss.or.kr/dsaf001/main.do?rcpNo=20240304800046,,
HD현대미포,2024-03-04,115K P/C선 4척,탱커,4,"371,300,000,000",2024-03-01,2027-06-30,1334.0,,,,,,,단일판매ㆍ공급계약체결,https://dart.fss.or.kr/dsaf001/main.do?rcpNo=20240304800404,,
HD현대미포,2024-03-04,45K D/F LPGC 2척,가스선,2,"214,700,000,000",2024-03-01,2026-12-24,1334.0,,,,,,,단일판매ㆍ공급계약체결,https://dart.fss.or.kr/dsaf001/main.do?rcpNo=20240304800396,,
HD현대삼호,2024-02-28,원유운반선 2척,탱커,2,"343,900,000,000",2024-02-27,2026-12-31,1331.40,,,,,,,단일판매ㆍ공급계약체결(자회사의 주요경영사항),https://dart.fss.or.kr/dsaf001/main.do?rcpNo=20240228800155,,
HD현대미포,2024-02-27,PCTC 2척,자동차운반선,2,"356,300,000,000",2024-02-26,2028-05-31,1329.3,,,,,,,단일판매ㆍ공급계약체결,https://dart.fss.or.kr/dsaf001/main.do?rcpNo=20240227800632,https://dart.fss.or.kr/dsaf001/main.do?rcpNo=20240228800477,20240228 정정: 정정사유: 계약 상대 및 판매·공급지역 변경
HD현대삼호,2024-02-26,LNGC 4척,LNG운반선,4,"1,435,600,000,000",2024-02-24,2028-01-19,"1,329.30",,,,,,,단일판매ㆍ공급계약체결(자회사의 주요경영사항),https://dart.fss.or.kr/dsaf001/main.do?rcpNo=20240226800161,,
한화오션,2024-02-23,초대형 원유운반선 2척,탱커,2,"342,000,000,000",2024-02-22,2026-11-30,"1,335.00",,,,,2026-03-06,,단일판매ㆍ공급계약체결,https://dart.fss.or.kr/dsaf001/main.do?rcpNo=20240223800090,https://dart.fss.or.kr/dsaf001/main.do?rcpNo=20251127800598,
HD현대미포,2024-02-22,23K D/F LPGC 2척,가스선,2,"172,400,000,000",2024-02-21,2026-10-31,1337.9,,,,,,,단일판매ㆍ공급계약체결,https://dart.fss.or.kr/dsaf001/main.do?rcpNo=20240222800076,,
HD현대중공업,2024-02-20,VLAC 2척,가스선,2,"322,800,000,000",2024-02-19,2027-02-26,"1,333.0",,,,,,,단일판매ㆍ공급계약체결,https://dart.fss.or.kr/dsaf001/main.do?rcpNo=20240220800097,,
삼성중공업,2024-02-06,LNG 운반선 15척,LNG운반선,15,"4,571,600,000,000",2024-02-05,2028-10-16,"1,325.1",,,,,,,단일판매ㆍ공급계약체결,https://dart.fss.or.kr/dsaf001/main.do?rcpNo=20240206800046,https://dart.fss.or.kr/dsaf001/main.do?rcpNo=20240402800735,20240402 정정: 정정사유: 계약상대 및 판매·공급지역 변경
HD현대미포,2024-02-01,LCO2/Ammonia/LPG Multi Gas Carrier 2척,가스선,2,"203,400,000,000",2024-01-31,2026-11-30,1330.6,,,,,,,단일판매ㆍ공급계약체결,https://dart.fss.or.kr/dsaf001/main.do?rcpNo=20240201800251,,
HD현대중공업,2024-01-31,해상플랫폼 상부 구조물 1기,해양플랜트,,"1,533,700,000,000",2023-10-31,2028-04-15,"1,336.90",,,,,,,단일판매ㆍ공급계약체결,https://dart.fss.or.kr/dsaf001/main.do?rcpNo=20240131800443,,
HD현대삼호,2024-01-31,원유운반선 2척,탱커,2,"230,600,000,000",2024-01-30,2026-07-31,1336.90,,,,,,,단일판매ㆍ공급계약체결(자회사의 주요경영사항),https://dart.fss.or.kr/dsaf001/main.do?rcpNo=20240131800424,,
HD현대중공업,2024-01-29,VLEC 1척,가스선,1,"230,000,000,000",2024-01-26,2027-03-31,"1,335.7",,,,,,,단일판매ㆍ공급계약체결,https://dart.fss.or.kr/dsaf001/main.do?rcpNo=20240129800120,,
한화오션,2024-01-22,초대형 LPG/AMMONIA 운반선 2척,가스선,2,"331,200,000,000",2024-01-19,2027-08-31,"1,342.40",,,,,,,단일판매ㆍ공급계약체결,https://dart.fss.or.kr/dsaf001/main.do?rcpNo=20240122800037,,
HD현대중공업,2024-01-22,VLAC 3척,가스선,3,"491,100,000,000",2024-01-19,2028-06-30,"1,342.4",,,,,,,단일판매ㆍ공급계약체결,https://dart.fss.or.kr/dsaf001/main.do?rcpNo=20240122800212,,
삼성중공업,2024-01-18,LPG/암모니아 운반선 2척,가스선,2,"315,000,000,000",2024-01-17,2027-11-30,"1,329.0",,,,,,,단일판매ㆍ공급계약체결,https://dart.fss.or.kr/dsaf001/main.do?rcpNo=20240118800063,,
HD현대중공업,2024-01-18,VLAC 2척,가스선,2,"333,000,000,000",2024-01-17,2027-04-30,"1,329.0",,,,,,,단일판매ㆍ공급계약체결,https://dart.fss.or.kr/dsaf001/main.do?rcpNo=20240118800207,,
HD현대중공업,2024-01-15,VLGC 2척,가스선,2,"310,100,000,000",2024-01-13,2027-11-30,"1,314.1",,,,,2027-08-31,,단일판매ㆍ공급계약체결,https://dart.fss.or.kr/dsaf001/main.do?rcpNo=20240115800366,https://dart.fss.or.kr/dsaf001/main.do?rcpNo=20250422800296,
HD현대삼호,2024-01-10,LNGC 2척 및 VLGC 4척,"LNG운반선, 가스선",6,"1,258,800,000,000",2024-01-09,2027-09-30,1314.80,,,,,,,단일판매ㆍ공급계약체결(자회사의 주요경영사항),https://dart.fss.or.kr/dsaf001/main.do?rcpNo=20240110800103,,
HD현대미포,2024-01-09,50K P/C 15척,탱커,15,"942,500,000,000",2024-01-08,2026-11-30,1313.7,,,,,,,단일판매ㆍ공급계약체결,https://dart.fss.or.kr/dsaf001/main.do?rcpNo=20240109800154,,
HD현대중공업,2024-01-08,VLAC 2척,가스선,2,"317,300,000,000",2024-01-05,2027-03-31,"1,310.2",,,,,,,단일판매ㆍ공급계약체결,https://dart.fss.or.kr/dsaf001/main.do?rcpNo=20240108800301,,
HD현대중공업,2024-01-05,VLGC 2척,가스선,2,"303,200,000,000",2024-01-04,2027-06-30,"1,308.8",,,,,,,단일판매ㆍ공급계약체결,https://dart.fss.or.kr/dsaf001/main.do?rcpNo=20240105800036,,
삼성중공업,2024-01-02,해양생산설비 1기,해양플랜트,,"2,010,100,000,000",2023-12-31,2028-02-28,"1,289.4",,,,,,,단일판매ㆍ공급계약체결,https://dart.fss.or.kr/dsaf001/main.do?rcpNo=20240102800109,https://dart.fss.or.kr/dsaf001/main.do?rcpNo=20240408800155,20240408 정정: 기타 투자판단과 관련한 중요사항 변경: 4. 본계약은 선주사의 공사진행통보서(Notice To Proceed) 발급 조건부 계약으로 선주사의 NTP 통지 즉시 계약이 확정됩니다. 계약이 확정되거나 변동되는 경우 재공시하도록 하겠습니다. (문구삭제) -
삼성중공업,2023-12-26,초대형 LPG/암모니아 운반선 2척,가스선,2,"310,800,000,000",2023-12-22,2027-06-30,"1,303.8",,,,,,,단일판매ㆍ공급계약체결,https://dart.fss.or.kr/dsaf001/main.do?rcpNo=20231226800129,,
한화오션,2023-12-22,잠수함 1척,특수선/방산,1,"1,102,000,000,000",2023-12-22,2031-12-01,,FCS(필드제어설비) 1기,미분류,,"902,800,000,000",2027-04-03,,단일판매ㆍ공급계약체결,https://dart.fss.or.kr/dsaf001/main.do?rcpNo=20231222800809,https://dart.fss.or.kr/dsaf001/main.do?rcpNo=20251030800728 | https://dart.fss.or.kr/dsaf001/main.do?rcpNo=20251204800395 | https://dart.fss.or.kr/dsaf001/main.do?rcpNo=20260424800517,
HD현대중공업,2023-12-15,VLEC 3척,가스선,3,"658,900,000,000",2023-12-14,2027-06-30,"1,316.5",,,,,,,단일판매ㆍ공급계약체결,https://dart.fss.or.kr/dsaf001/main.do?rcpNo=20231215800210,,
삼성중공업,2023-12-14,P4 Ph2(하동)] FAB동 마감공사,토건,,"550,000,000,000",2023-07-15,2025-02-28,,,,,,2025-12-31,,단일판매ㆍ공급계약체결,https://dart.fss.or.kr/dsaf001/main.do?rcpNo=20231214800249,https://dart.fss.or.kr/dsaf001/main.do?rcpNo=20241024800507,
HD현대삼호,2023-12-01,VLAC 4척,가스선,4,"557,400,000,000",2023-11-30,2027-11-26,1289.00,,,,,,,단일판매ㆍ공급계약체결(자회사의 주요경영사항),https://dart.fss.or.kr/dsaf001/main.do?rcpNo=20231201800111,,
한화오션,2023-11-27,초대형 LPG/AMMONIA 운반선 1척,가스선,1,"163,000,000,000",2023-11-24,2026-09-30,"1,298.70",,,,,2026-05-13,,단일판매ㆍ공급계약체결,https://dart.fss.or.kr/dsaf001/main.do?rcpNo=20231127800033,https://dart.fss.or.kr/dsaf001/main.do?rcpNo=20251010800428,
HD현대미포,2023-11-23,LPGC 2척,가스선,2,"185,300,000,000",2023-11-22,2026-12-07,1287.7,,,,,,,단일판매ㆍ공급계약체결,https://dart.fss.or.kr/dsaf001/main.do?rcpNo=20231123800398,,
HD현대중공업,2023-11-17,VLEC 2척,가스선,2,"444,400,000,000",2023-11-16,2027-05-30,"1,302.00",,,,,,,단일판매ㆍ공급계약체결,https://dart.fss.or.kr/dsaf001/main.do?rcpNo=20231117800055,,
한화오션,2023-11-14,초대형 LPG/AMMONIA 운반선 4척,가스선,4,"656,200,000,000",2023-11-13,2027-06-30,"1,316.70",,,,,,,단일판매ㆍ공급계약체결,https://dart.fss.or.kr/dsaf001/main.do?rcpNo=20231114800069,,
HD현대중공업,2023-11-14,LNGC 2척,LNG운반선,2,"698,100,000,000",2023-11-13,2028-02-29,"1,316.70",,,,,,,단일판매ㆍ공급계약체결,https://dart.fss.or.kr/dsaf001/main.do?rcpNo=20231114800142,,
한화오션,2023-11-10,수상함 2척,특수선/방산,2,"791,700,000,000",2023-11-10,2028-06-30,,,,,,,,단일판매ㆍ공급계약체결,https://dart.fss.or.kr/dsaf001/main.do?rcpNo=20231110800095,,
HD현대삼호,2023-11-10,원유운반선 2척,탱커,2,"222,600,000,000",2023-11-09,2026-06-10,1305.50,,,,,,,단일판매ㆍ공급계약체결(자회사의 주요경영사항),https://dart.fss.or.kr/dsaf001/main.do?rcpNo=20231110800158,,
HD현대삼호,2023-10-30,원유운반선 2척,탱커,2,"231,800,000,000",2023-10-27,2026-03-31,1357.10,,,,,,,단일판매ㆍ공급계약체결(자회사의 주요경영사항),https://dart.fss.or.kr/dsaf001/main.do?rcpNo=20231030800118,,
HD현대중공업,2023-10-26,LNGC 17척,LNG운반선,17,"5,251,100,000,000",2023-10-25,2029-09-15,"1,343.90",,,,,,,단일판매ㆍ공급계약체결,https://dart.fss.or.kr/dsaf001/main.do?rcpNo=20231026800085,,
삼성중공업,2023-10-10,LNG선 1척,LNG운반선,1,"350,800,000,000",2023-10-06,2026-09-30,"1,349.4",,,,,,,단일판매ㆍ공급계약체결,https://dart.fss.or.kr/dsaf001/main.do?rcpNo=20231010800102,,
HD현대중공업,2023-09-07,VLGC 2척,가스선,2,"308,400,000,000",2023-09-06,2027-09-30,"1,324.30",,,,,,,단일판매ㆍ공급계약체결,https://dart.fss.or.kr/dsaf001/main.do?rcpNo=20230907800152,,
HD현대중공업,2023-09-07,VLGC 2척,가스선,2,"308,400,000,000",2023-09-06,2027-12-31,"1,324.30",,,,,,,단일판매ㆍ공급계약체결,https://dart.fss.or.kr/dsaf001/main.do?rcpNo=20230907800149,,
HD현대중공업,2023-08-21,VLGC 2척,가스선,2,"288,200,000,000",2023-08-18,2027-07-30,"1,341.60",,,,,2026-10-30,,단일판매ㆍ공급계약체결,https://dart.fss.or.kr/dsaf001/main.do?rcpNo=20230821800091,https://dart.fss.or.kr/dsaf001/main.do?rcpNo=20231117800439,
HD현대중공업,2023-08-03,LNGC 2척,LNG운반선,2,"679,000,000,000",2023-08-02,2027-11-30,"1,280.70",,,,,,,단일판매ㆍ공급계약체결,https://dart.fss.or.kr/dsaf001/main.do?rcpNo=20230803800117,,
한화오션,2023-07-31,LNG 운반선 1척,LNG운반선,1,"332,200,000,000",2023-07-31,2027-02-28,"1,280.00",,,,,,,단일판매ㆍ공급계약체결,https://dart.fss.or.kr/dsaf001/main.do?rcpNo=20230731800530,,
HD현대미포,2023-07-26,P/C선 2척,탱커,2,"176,200,000,000",2023-07-25,2026-06-30,1283.8,,,,,,,단일판매ㆍ공급계약체결,https://dart.fss.or.kr/dsaf001/main.do?rcpNo=20230726800150,,
HD현대미포,2023-07-19,LCO2선 2척,가스선,2,"179,000,000,000",2023-07-18,2026-04-30,1266.1,LCO2/Ammonia/LPG Multi Gas Carrier 2척,가스선,2,,,,단일판매ㆍ공급계약체결,https://dart.fss.or.kr/dsaf001/main.do?rcpNo=20230719800109,https://dart.fss.or.kr/dsaf001/main.do?rcpNo=20230719800147,
삼성중공업,2023-07-17,컨테이너선 16척,컨테이너선,16,"3,959,300,000,000",2023-07-14,2027-12-31,"1,276.2",,,,,,,단일판매ㆍ공급계약체결,https://dart.fss.or.kr/dsaf001/main.do?rcpNo=20230717800218,,
HD현대중공업,2023-07-07,VLGC 3척,가스선,3,"416,200,000,000",2023-07-06,2026-12-31,"1,300.80",,,,,2026-08-31,,단일판매ㆍ공급계약체결,https://dart.fss.or.kr/dsaf001/main.do?rcpNo=20230707800096,https://dart.fss.or.kr/dsaf001/main.do?rcpNo=20231117800436,
HD현대미포,2023-07-05,LPGC 1척,가스선,1,"96,900,000,000",2023-07-04,2026-10-30,1310.0,,,,,,,단일판매ㆍ공급계약체결,https://dart.fss.or.kr/dsaf001/main.do?rcpNo=20230705800108,,
HD현대중공업,2023-07-03,FPU 1기,해양플랜트,,"1,566,300,000,000",2023-07-01,2027-04-01,"1,312.80",,,,"1,842,200,000,000",,,단일판매ㆍ공급계약체결,https://dart.fss.or.kr/dsaf001/main.do?rcpNo=20230703800173,https://dart.fss.or.kr/dsaf001/main.do?rcpNo=20241223800052,
HD현대삼호,2023-07-03,LNGC 2척,LNG운반선,2,"686,100,000,000",2023-06-30,2027-10-08,1312.80,,,,,,,단일판매ㆍ공급계약체결(자회사의 주요경영사항),https://dart.fss.or.kr/dsaf001/main.do?rcpNo=20230703800159,,
HD현대미포,2023-07-03,PCTC 4척,자동차운반선,4,"683,400,000,000",2023-07-02,2027-06-30,1319.4,,,,,,,단일판매ㆍ공급계약체결,https://dart.fss.or.kr/dsaf001/main.do?rcpNo=20230703800156,,
HD현대미포,2023-07-03,LPGC 2척,가스선,2,"185,100,000,000",2023-06-30,2026-03-31,1312.8,,,,,,,단일판매ㆍ공급계약체결,https://dart.fss.or.kr/dsaf001/main.do?rcpNo=20230703800155,,
HD현대미포,2023-06-23,P/C선 4척,탱커,4,"242,100,000,000",2023-06-22,2025-12-31,1291.5,,,,,,,단일판매ㆍ공급계약체결,https://dart.fss.or.kr/dsaf001/main.do?rcpNo=20230623800147,,
삼성중공업,2023-06-13,LNG선 2척,LNG운반선,2,"659,200,000,000",2023-06-12,2028-02-15,"1,294.9",,,,,,,단일판매ㆍ공급계약체결,https://dart.fss.or.kr/dsaf001/main.do?rcpNo=20230613800116,,
삼성중공업,2023-06-02,원유운반선 2척,탱커,2,"227,500,000,000",2023-06-02,2026-02-28,"1,320.7",원유운반선 1척,탱커,1,"114,800,000,000",,Y,단일판매ㆍ공급계약체결,https://dart.fss.or.kr/dsaf001/main.do?rcpNo=20230602800079,https://dart.fss.or.kr/dsaf001/main.do?rcpNo=20260203800709 | https://dart.fss.or.kr/dsaf001/main.do?rcpNo=20260316801038,
HD현대중공업,2023-06-01,컨테이너선 5척,컨테이너선,5,"1,239,200,000,000",2023-05-31,2027-03-31,"1,322.20",,,,,,,단일판매ㆍ공급계약체결,https://dart.fss.or.kr/dsaf001/main.do?rcpNo=20230601800012,,
HD현대미포,2023-05-30,P/C선 2척,탱커,2,"127,000,000,000",2023-05-26,2025-03-31,1323.4,,,,,,,단일판매ㆍ공급계약체결,https://dart.fss.or.kr/dsaf001/main.do?rcpNo=20230530800180,,
HD현대미포,2023-05-25,P/C선 2척,탱커,2,"122,300,000,000",2023-05-24,2025-12-31,1311.4,,,,,,,단일판매ㆍ공급계약체결,https://dart.fss.or.kr/dsaf001/main.do?rcpNo=20230525800165,,
HD현대미포,2023-05-22,컨테이너선 5척,컨테이너선,5,"414,500,000,000",2023-05-19,2026-06-30,1332.7,,,,,,,단일판매ㆍ공급계약체결,https://dart.fss.or.kr/dsaf001/main.do?rcpNo=20230522800210,,
HD현대미포,2023-05-19,P/C선 2척,탱커,2,"117,300,000,000",2023-05-18,2026-07-31,1339.4,,,,,,,단일판매ㆍ공급계약체결,https://dart.fss.or.kr/dsaf001/main.do?rcpNo=20230519800099,,
HD현대중공업,2023-05-02,LNGC 4척,LNG운반선,4,"1,408,200,000,000",2023-04-28,2027-09-30,"1,339.90",,,,,,,단일판매ㆍ공급계약체결,https://dart.fss.or.kr/dsaf001/main.do?rcpNo=20230502800159,,
HD현대중공업,2023-05-02,LNGC 2척,LNG운반선,2,"742,300,000,000",2023-04-28,2027-11-30,"1,339.90",,,,,,,단일판매ㆍ공급계약체결,https://dart.fss.or.kr/dsaf001/main.do?rcpNo=20230502800163,,
HD현대삼호,2023-05-02,LPGC 2척,가스선,2,"273,300,000,000",2023-04-28,2026-10-02,1339.90,,,,,,,단일판매ㆍ공급계약체결(자회사의 주요경영사항)(현대삼호중공업),https://dart.fss.or.kr/dsaf001/main.do?rcpNo=20230502800164,,
HD현대미포,2023-04-27,LPGC 4척,가스선,4,"367,400,000,000",2023-04-26,2026-03-31,1333.3,,,,,,,단일판매ㆍ공급계약체결,https://dart.fss.or.kr/dsaf001/main.do?rcpNo=20230427800239,,
HD현대미포,2023-04-18,P/C선 2척,탱커,2,"120,600,000,000",2023-04-17,2025-07-31,1299.3,,,,,,,단일판매ㆍ공급계약체결,https://dart.fss.or.kr/dsaf001/main.do?rcpNo=20230418800156,,
HD현대미포,2023-04-14,P/C선 4척,탱커,4,"230,800,000,000",2023-04-13,2026-04-30,1324.2,,,,,,,단일판매ㆍ공급계약체결,https://dart.fss.or.kr/dsaf001/main.do?rcpNo=20230414800151,,
HD현대삼호,2023-04-13,원유운반선 2척,탱커,2,"225,000,000,000",2023-04-12,2025-05-31,1319.50,,,,,,,단일판매ㆍ공급계약체결(자회사의 주요경영사항)(현대삼호중공업),https://dart.fss.or.kr/dsaf001/main.do?rcpNo=20230413800147,,
한화오션,2023-04-07,LNG 운반선 1척,LNG운반선,1,"339,600,000,000",2023-04-07,2027-08-31,"1,318.70",,,,,,,단일판매ㆍ공급계약체결,https://dart.fss.or.kr/dsaf001/main.do?rcpNo=20230407801070,https://dart.fss.or.kr/dsaf001/main.do?rcpNo=20260220801130,20260220 정정: 정정사유: 계약상대 및 판매·공급지역 변경
삼성중공업,2023-04-03,LNG선 2척,LNG운반선,2,"674,500,000,000",2023-03-31,2026-11-30,"1,303.8",,,,,,,단일판매ㆍ공급계약체결,https://dart.fss.or.kr/dsaf001/main.do?rcpNo=20230403800067,https://dart.fss.or.kr/dsaf001/main.do?rcpNo=20230515800154,20230515 정정: 기타 투자판단과 관련한 중요사항 변경: 문구 삭제
HD현대미포,2023-03-31,P/C선 4척,탱커,4,"240,100,000,000",2023-03-30,2025-11-30,1299.3,,,,,,,단일판매ㆍ공급계약체결,https://dart.fss.or.kr/dsaf001/main.do?rcpNo=20230331800051,,
HD현대삼호,2023-03-29,LNGC 2척,LNG운반선,2,"674,900,000,000",2023-03-28,2027-03-31,1300.30,,,,,,,단일판매ㆍ공급계약체결(자회사의 주요경영사항)(현대삼호중공업),https://dart.fss.or.kr/dsaf001/main.do?rcpNo=20230329800173,,
HD현대미포,2023-03-27,P/C선 1척,탱커,1,"86,900,000,000",2023-03-24,2026-01-31,1287.2,,,,,,,단일판매ㆍ공급계약체결,https://dart.fss.or.kr/dsaf001/main.do?rcpNo=20230327800627,,
HD현대중공업,2023-03-20,VLGC 2척,가스선,2,"270,100,000,000",2023-03-18,2026-08-31,"1,303.60",,,,,,,단일판매ㆍ공급계약체결,https://dart.fss.or.kr/dsaf001/main.do?rcpNo=20230320800254,,
한화오션,2023-03-14,LNG 운반선 2척,LNG운반선,2,"679,400,000,000",2023-03-13,2027-06-15,"1,325.70",,,,,,,단일판매ㆍ공급계약체결,https://dart.fss.or.kr/dsaf001/main.do?rcpNo=20230314800431,,
HD현대미포,2023-03-10,MGC 2척,가스선,2,"193,700,000,000",2023-03-09,2025-10-31,1319.5,,,,,2026-05-31,,단일판매ㆍ공급계약체결,https://dart.fss.or.kr/dsaf001/main.do?rcpNo=20230310800300,https://dart.fss.or.kr/dsaf001/main.do?rcpNo=20231016800123,
HD현대삼호,2023-03-02,LNGC 3척,LNG운반선,3,"1,007,800,000,000",2023-02-28,2027-12-31,"1,317.40",,,,,,,단일판매ㆍ공급계약체결(자회사의 주요경영사항),https://dart.fss.or.kr/dsaf001/main.do?rcpNo=20230302800156,,
HD현대미포,2023-02-28,P/C선 4척,탱커,4,"237,500,000,000",2023-02-27,2025-08-31,1300.5,,,,,,,단일판매ㆍ공급계약체결,https://dart.fss.or.kr/dsaf001/main.do?rcpNo=20230228800480,,
HD현대삼호,2023-02-22,LPGC 2척,가스선,2,"255,400,000,000",2023-02-21,2026-01-30,"1,295.80",,,,,,,단일판매ㆍ공급계약체결(자회사의 주요경영사항),https://dart.fss.or.kr/dsaf001/main.do?rcpNo=20230222800132,,
HD현대중공업,2023-02-17,VLGC 2척,가스선,2,"252,800,000,000",2023-02-16,2026-05-29,"1,279.30",,,,,,,단일판매ㆍ공급계약체결,https://dart.fss.or.kr/dsaf001/main.do?rcpNo=20230217800127,,
HD현대삼호,2023-02-14,컨테이너선 7척,컨테이너선,7,"1,108,900,000,000",2023-02-14,2026-05-31,"1,274.60",,,,,,,단일판매ㆍ공급계약체결(자회사의 주요경영사항),https://dart.fss.or.kr/dsaf001/main.do?rcpNo=20230214800483,,
한화오션,2023-02-13,LNG 운반선 1척,LNG운반선,1,"314,500,000,000",2023-02-10,2027-03-31,"1,263.10",,,,,,,단일판매ㆍ공급계약체결,https://dart.fss.or.kr/dsaf001/main.do?rcpNo=20230213800586,https://dart.fss.or.kr/dsaf001/main.do?rcpNo=20260220801140,20260220 정정: 정정사유: 계약상대 및 판매·공급지역 변경
삼성중공업,2023-02-01,LNG선 2척,LNG운반선,2,"609,700,000,000",2023-01-31,2027-01-15,"1,228.7",,,,,,,단일판매ㆍ공급계약체결,https://dart.fss.or.kr/dsaf001/main.do?rcpNo=20230201800040,,
HD현대삼호,2023-02-01,컨테이너선 12척,컨테이너선,12,"2,526,400,000,000",2023-01-31,2026-12-21,"1,228.70",,,,,,,단일판매ㆍ공급계약체결(자회사의 주요경영사항),https://dart.fss.or.kr/dsaf001/main.do?rcpNo=20230201800100,,
HD현대미포,2023-01-31,P/C선 4척,탱커,4,"222,700,000,000",2023-01-30,2025-06-30,1230.2,,,,,,,단일판매ㆍ공급계약체결,https://dart.fss.or.kr/dsaf001/main.do?rcpNo=20230131800139,,
HD현대중공업,2023-01-20,VLGC 2척,가스선,2,"240,800,000,000",2023-01-19,2026-02-28,"1,239.80",,,,,,,단일판매ㆍ공급계약체결,https://dart.fss.or.kr/dsaf001/main.do?rcpNo=20230120800061,,
HD현대삼호,2023-01-19,LNGC 2척,LNG운반선,2,"626,700,000,000",2023-01-18,2026-11-15,"1,238.50",,,,,,,단일판매ㆍ공급계약체결(자회사의 주요경영사항),https://dart.fss.or.kr/dsaf001/main.do?rcpNo=20230119800090,,
HD현대중공업,2023-01-17,LNGC 3척,LNG운반선,3,"971,400,000,000",2023-01-16,2026-11-30,"1,240.60",,,,,,,단일판매ㆍ공급계약체결,https://dart.fss.or.kr/dsaf001/main.do?rcpNo=20230117800134,,
삼성중공업,2022-12-26,P4 Ph1] FAB동 마감공사,토건,,"168,300,000,000",2023-01-01,2024-10-31,,,,,"242,000,000,000",,,단일판매ㆍ공급계약체결,https://dart.fss.or.kr/dsaf001/main.do?rcpNo=20221226800278,https://dart.fss.or.kr/dsaf001/main.do?rcpNo=20240530800272,
삼성중공업,2022-12-22,해양생산설비 1기,해양플랜트,,"1,961,100,000,000",2023-01-02,2027-08-17,"1,298.0",,,,,,,단일판매ㆍ공급계약체결,https://dart.fss.or.kr/dsaf001/main.do?rcpNo=20221222800138,,
HD현대삼호,2022-12-22,LNGC 2척,LNG운반선,2,"650,000,000,000",2022-12-21,2026-06-30,"1,298.00",,,,,,,단일판매ㆍ공급계약체결(자회사의 주요경영사항),https://dart.fss.or.kr/dsaf001/main.do?rcpNo=20221222800119,,
HD현대중공업,2022-12-14,광개토-III Batch-II 후속함(3번함) 건조,미분류,,"670,700,000,000",2022-12-13,2027-12-31,,,,,,,,단일판매ㆍ공급계약체결,https://dart.fss.or.kr/dsaf001/main.do?rcpNo=20221214800325,,
HD현대미포,2022-12-12,LPG선 1척,가스선,1,"91,500,000,000",2022-12-09,2025-03-31,1320.4,,,,,,,단일판매ㆍ공급계약체결,https://dart.fss.or.kr/dsaf001/main.do?rcpNo=20221212800139,,
HD현대중공업,2022-12-09,VLGC 2척,가스선,2,"258,100,000,000",2022-12-08,2025-11-15,"1,319.50",,,,,,,단일판매ㆍ공급계약체결,https://dart.fss.or.kr/dsaf001/main.do?rcpNo=20221209800211,,
HD현대중공업,2022-12-01,VLEC 2척,가스선,2,"399,900,000,000",2022-11-30,2026-01-05,"1,331.50",,,,,,,단일판매ㆍ공급계약체결,https://dart.fss.or.kr/dsaf001/main.do?rcpNo=20221201800193,,
삼성중공업,2022-11-30,LNG선 1척,LNG운반선,1,"331,300,000,000",2022-11-30,2025-12-31,"1,331.5",,,,,,,단일판매ㆍ공급계약체결,https://dart.fss.or.kr/dsaf001/main.do?rcpNo=20221130800066,,
삼성중공업,2022-11-29,P3 Ph3]FAB동 마감공사,토건,,"330,000,000,000",2022-04-22,2023-12-31,,,,,,2024-12-31,,단일판매ㆍ공급계약체결,https://dart.fss.or.kr/dsaf001/main.do?rcpNo=20221129800079,https://dart.fss.or.kr/dsaf001/main.do?rcpNo=20231218800171,
삼성중공업,2022-11-23,LNG선 5척,LNG운반선,5,"1,456,800,000,000",2022-11-22,2027-12-31,"1,352.3",,,,,,,단일판매ㆍ공급계약체결,https://dart.fss.or.kr/dsaf001/main.do?rcpNo=20221123800132,,
삼성중공업,2022-11-22,셔틀탱커 2척,탱커,2,"346,600,000,000",2022-11-21,2025-06-30,"1,340.0",,,,,,,단일판매ㆍ공급계약체결,https://dart.fss.or.kr/dsaf001/main.do?rcpNo=20221122800072,,
삼성중공업,2022-11-11,P3 Ph4]FAB동 마감공사,토건,,"242,000,000,000",2022-11-15,2023-12-31,,,,,"330,000,000,000",2024-12-31,,단일판매ㆍ공급계약체결,https://dart.fss.or.kr/dsaf001/main.do?rcpNo=20221111800077,https://dart.fss.or.kr/dsaf001/main.do?rcpNo=20231218800177,
삼성중공업,2022-11-11,LNG선 2척,LNG운반선,2,"589,700,000,000",2022-11-10,2026-03-31,"1,368.3",,,,,,,단일판매ㆍ공급계약체결,https://dart.fss.or.kr/dsaf001/main.do?rcpNo=20221111800074,,
HD현대중공업,2022-11-11,VLGC 2척,가스선,2,"264,400,000,000",2022-11-10,2025-05-30,"1,368.30",,,,,,,단일판매ㆍ공급계약체결,https://dart.fss.or.kr/dsaf001/main.do?rcpNo=20221111800196,,
한화오션,2022-11-08,LNG 운반선 1척,LNG운반선,1,"350,900,000,000",2022-11-08,2026-12-31,"1,406.50",,,,,,,단일판매ㆍ공급계약체결,https://dart.fss.or.kr/dsaf001/main.do?rcpNo=20221108800252,,
한화오션,2022-11-07,LNG 운반선 1척,LNG운반선,1,"354,200,000,000",2022-11-04,2026-12-14,"1,422.10",,,,,,,단일판매ㆍ공급계약체결,https://dart.fss.or.kr/dsaf001/main.do?rcpNo=20221107800178,,
한화오션,2022-10-21,LNG 운반선 2척,LNG운반선,2,"710,300,000,000",2022-10-20,2026-12-31,"1,420.60",,,,,,,단일판매ㆍ공급계약체결,https://dart.fss.or.kr/dsaf001/main.do?rcpNo=20221021800138,,
삼성중공업,2022-10-19,VLGC 2척,가스선,2,"270,700,000,000",2022-10-18,2025-12-31,"1,436.6",,,,,,,단일판매ㆍ공급계약체결,https://dart.fss.or.kr/dsaf001/main.do?rcpNo=20221019800143,,
HD현대삼호,2022-10-11,LNGC 1척,LNG운반선,1,"346,800,000,000",2022-10-07,2026-01-05,"1,404.20",,,,,,,단일판매ㆍ공급계약체결(자회사의 주요경영사항),https://dart.fss.or.kr/dsaf001/main.do?rcpNo=20221011800109,,
HD현대중공업,2022-10-05,컨테이너선 6척,컨테이너선,6,"1,620,100,000,000",2022-10-04,2025-12-31,"1,432.10",,,,,,,단일판매ㆍ공급계약체결,https://dart.fss.or.kr/dsaf001/main.do?rcpNo=20221005800236,,
HD현대중공업,2022-10-05,FSRU 1척,LNG운반선,1,"475,700,000,000",2022-10-04,2026-06-30,"1,432.10",,,,,,,단일판매ㆍ공급계약체결,https://dart.fss.or.kr/dsaf001/main.do?rcpNo=20221005800037,,
한화오션,2022-10-04,LNG 운반선 4척,LNG운반선,4,"1,233,400,000,000",2022-09-30,2026-10-30,"1,434.80",,,,,,,단일판매ㆍ공급계약체결,https://dart.fss.or.kr/dsaf001/main.do?rcpNo=20221004800208,,
한화오션,2022-10-04,LNG 운반선 2척,LNG운반선,2,"616,700,000,000",2022-09-30,2026-05-29,"1,434.80",,,,,,,단일판매ㆍ공급계약체결,https://dart.fss.or.kr/dsaf001/main.do?rcpNo=20221004800206,,
한화오션,2022-09-22,LNG 운반선 2척,LNG운반선,2,"595,900,000,000",2022-09-21,2026-07-16,"1,389.10",,,,,,,단일판매ㆍ공급계약체결,https://dart.fss.or.kr/dsaf001/main.do?rcpNo=20220922800216,,
HD현대미포,2022-09-19,컨테이너선 4척,컨테이너선,4,"286,600,000,000",2022-09-16,2025-06-30,1394.2,,,,,,,단일판매ㆍ공급계약체결,https://dart.fss.or.kr/dsaf001/main.do?rcpNo=20220919800134,,
HD현대미포,2022-09-19,P/C선 4척,탱커,4,"238,400,000,000",2022-09-16,2025-11-30,1394.2,,,,,,,단일판매ㆍ공급계약체결,https://dart.fss.or.kr/dsaf001/main.do?rcpNo=20220919800133,,
HD현대삼호,2022-09-14,LNG DF PCTC 2척,자동차운반선,2,"331,800,000,000",2022-09-13,2025-08-29,"1,381.20",,,,,,,단일판매ㆍ공급계약체결(자회사의 주요경영사항),https://dart.fss.or.kr/dsaf001/main.do?rcpNo=20220914800096,,
한화오션,2022-09-06,LNG 운반선 7척,LNG운반선,7,"2,036,800,000,000",2022-09-05,2026-02-27,"1,356.50",,,,,,,단일판매ㆍ공급계약체결,https://dart.fss.or.kr/dsaf001/main.do?rcpNo=20220906800158,,
삼성중공업,2022-09-06,LNG선 2척,LNG운반선,2,"582,100,000,000",2022-09-05,2025-03-17,"1,356.5",,,,,,,단일판매ㆍ공급계약체결,https://dart.fss.or.kr/dsaf001/main.do?rcpNo=20220906800106,,
삼성중공업,2022-09-06,LNG선 2척,LNG운반선,2,"583,000,000,000",2022-09-05,2025-09-16,"1,356.5",,,,,,,단일판매ㆍ공급계약체결,https://dart.fss.or.kr/dsaf001/main.do?rcpNo=20220906800105,,
HD현대중공업,2022-09-05,VLGC 3척,가스선,3,"391,700,000,000",2022-09-02,2025-01-27,"1,351.40",,,,,,,단일판매ㆍ공급계약체결,https://dart.fss.or.kr/dsaf001/main.do?rcpNo=20220905800311,,
HD현대미포,2022-08-30,LPGC선 2척,가스선,2,"183,900,000,000",2022-08-29,2025-03-31,1332.5,,,,,,,단일판매ㆍ공급계약체결,https://dart.fss.or.kr/dsaf001/main.do?rcpNo=20220830800389,,
한화오션,2022-08-12,LNG 운반선 1척,LNG운반선,1,"311,200,000,000",2022-08-12,2026-09-30,"1,302.50",,,,,,,단일판매ㆍ공급계약체결,https://dart.fss.or.kr/dsaf001/main.do?rcpNo=20220812800704,,
HD현대중공업,2022-08-10,LNGC 7척,LNG운반선,7,"1,962,800,000,000",2022-08-09,2026-12-16,"1,304.80",,,,,,,단일판매ㆍ공급계약체결,https://dart.fss.or.kr/dsaf001/main.do?rcpNo=20220810800097,,
한화오션,2022-07-25,LNG 운반선 2척,LNG운반선,2,"649,500,000,000",2022-07-23,2026-11-30,"1,312.10",,,,,,,단일판매ㆍ공급계약체결,https://dart.fss.or.kr/dsaf001/main.do?rcpNo=20220725800201,,
HD현대미포,2022-07-18,컨테이너선 3척,컨테이너선,3,"139,500,000,000",2022-07-15,2024-09-30,1310.0,,,,,,,단일판매ㆍ공급계약체결,https://dart.fss.or.kr/dsaf001/main.do?rcpNo=20220718800163,,
HD현대미포,2022-07-11,P/C선 4척,탱커,4,"221,700,000,000",2022-07-08,2024-12-31,1302.7,,,,,,,단일판매ㆍ공급계약체결,https://dart.fss.or.kr/dsaf001/main.do?rcpNo=20220711800545,,
HD현대미포,2022-07-11,P/C선 3척,탱커,3,"254,900,000,000",2022-07-08,2025-12-31,1302.7,,,,,,,단일판매ㆍ공급계약체결,https://dart.fss.or.kr/dsaf001/main.do?rcpNo=20220711800537,,
HD현대미포,2022-07-08,P/C선 2척,탱커,2,"168,300,000,000",2022-07-07,2025-05-31,1307.4,,,,,,,단일판매ㆍ공급계약체결,https://dart.fss.or.kr/dsaf001/main.do?rcpNo=20220708800476,,
HD현대미포,2022-07-08,P/C선 1척,탱커,1,"82,400,000,000",2022-07-07,2024-12-31,1307.4,,,,,,,단일판매ㆍ공급계약체결,https://dart.fss.or.kr/dsaf001/main.do?rcpNo=20220708800472,,
HD현대중공업,2022-07-07,LNGC 8척,LNG운반선,8,"2,231,500,000,000",2022-07-06,2026-11-16,"1,298.00",,,,,,,단일판매ㆍ공급계약체결,https://dart.fss.or.kr/dsaf001/main.do?rcpNo=20220707800120,,
HD현대삼호,2022-07-07,LNGC 2척,LNG운반선,2,"637,100,000,000",2022-07-06,2026-08-21,"1,298.00",,,,,,,단일판매ㆍ공급계약체결(자회사의 주요경영사항),https://dart.fss.or.kr/dsaf001/main.do?rcpNo=20220707800122,,
HD현대미포,2022-07-01,LPG선 1척,가스선,1,"82,100,000,000",2022-06-30,2025-03-31,1292.9,,,,,,,단일판매ㆍ공급계약체결,https://dart.fss.or.kr/dsaf001/main.do?rcpNo=20220701800138,,
HD현대중공업,2022-06-27,수상함 6척,특수선/방산,6,"744,900,000,000",2022-06-27,2028-12-27,"1,299.40",,,,,,,단일판매ㆍ공급계약체결,https://dart.fss.or.kr/dsaf001/main.do?rcpNo=20220627800223,,
삼성중공업,2022-06-22,LNG선 2척,LNG운반선,2,"554,300,000,000",2022-06-21,2024-12-31,"1,291.7",,,,,,,단일판매ㆍ공급계약체결,https://dart.fss.or.kr/dsaf001/main.do?rcpNo=20220622800079,,
삼성중공업,2022-06-22,LNG선 12척,LNG운반선,12,"3,331,000,000,000",2022-06-21,2026-07-16,"1,291.7",,,,,,,단일판매ㆍ공급계약체결,https://dart.fss.or.kr/dsaf001/main.do?rcpNo=20220622800076,,
HD현대삼호,2022-06-15,LNGC 2척,LNG운반선,2,"617,300,000,000",2022-06-14,2026-03-31,"1,286.00",,,,,,,단일판매ㆍ공급계약체결(자회사의 주요경영사항),https://dart.fss.or.kr/dsaf001/main.do?rcpNo=20220615800149,,
한화오션,2022-06-09,LNG 운반선 2척,LNG운반선,2,"585,100,000,000",2022-06-08,2026-06-30,"1,257.10",,,,,,,단일판매ㆍ공급계약체결,https://dart.fss.or.kr/dsaf001/main.do?rcpNo=20220609800275,,
HD현대삼호,2022-06-08,컨테이너선 6척,컨테이너선,6,"923,300,000,000",2022-06-07,2025-11-27,"1,241.10",,,,,,,단일판매ㆍ공급계약체결(자회사의 주요경영사항),https://dart.fss.or.kr/dsaf001/main.do?rcpNo=20220608800111,,
HD현대미포,2022-06-08,B/C선 4척,벌크선,4,"181,200,000,000",2022-06-07,2025-02-28,1241.1,,,,,,,단일판매ㆍ공급계약체결,https://dart.fss.or.kr/dsaf001/main.do?rcpNo=20220608800121,,
한화오션,2022-06-07,LNG 운반선 4척,LNG운반선,4,"1,073,400,000,000",2022-06-05,2025-02-14,"1,251.20",,,,,,,단일판매ㆍ공급계약체결,https://dart.fss.or.kr/dsaf001/main.do?rcpNo=20220607800190,,
HD현대중공업,2022-06-07,LNGC 2척,LNG운반선,2,"537,500,000,000",2022-06-03,2025-06-30,"1,251.20",,,,,,,단일판매ㆍ공급계약체결,https://dart.fss.or.kr/dsaf001/main.do?rcpNo=20220607800224,,
HD현대삼호,2022-06-03,LNGC 2척,LNG운반선,2,"572,400,000,000",2022-06-02,2025-02-28,"1,238.40",,,,,,,단일판매ㆍ공급계약체결(자회사의 주요경영사항),https://dart.fss.or.kr/dsaf001/main.do?rcpNo=20220603800104,,
HD현대미포,2022-05-23,컨테이너선 2척,컨테이너선,2,"110,500,000,000",2022-05-20,2024-12-15,1274.6,,,,,,,단일판매ㆍ공급계약체결,https://dart.fss.or.kr/dsaf001/main.do?rcpNo=20220523800114,,
삼성중공업,2022-05-18,LNG선 2척,LNG운반선,2,"591,300,000,000",2022-05-17,2026-03-31,"1,281.6",,,,,,,단일판매ㆍ공급계약체결,https://dart.fss.or.kr/dsaf001/main.do?rcpNo=20220518800130,,
삼성중공업,2022-05-17,LNG선 3척,LNG운반선,3,"862,300,000,000",2022-05-16,2026-01-31,"1,286.0",,,,,,,단일판매ㆍ공급계약체결,https://dart.fss.or.kr/dsaf001/main.do?rcpNo=20220517800101,,
HD현대중공업,2022-05-17,LNGC 2척,LNG운반선,2,"584,100,000,000",2022-05-16,2025-03-31,"1,286.00",,,,,,,단일판매ㆍ공급계약체결,https://dart.fss.or.kr/dsaf001/main.do?rcpNo=20220517800110,,
HD현대삼호,2022-05-17,LNGC 2척,LNG운반선,2,"584,100,000,000",2022-05-16,2025-08-31,"1,286.00",,,,,,,단일판매ㆍ공급계약체결(자회사의 주요경영사항),https://dart.fss.or.kr/dsaf001/main.do?rcpNo=20220517800107,,
HD현대미포,2022-04-29,P/C선 2척,탱커,2,"159,200,000,000",2022-04-28,2024-09-15,1263.1,,,,,,,단일판매ㆍ공급계약체결,https://dart.fss.or.kr/dsaf001/main.do?rcpNo=20220429800103,,
HD현대삼호,2022-04-26,LNGC 1척,LNG운반선,1,"278,200,000,000",2022-04-25,2025-10-31,"1,241.70",,,,,,,단일판매ㆍ공급계약체결(자회사의 주요경영사항),https://dart.fss.or.kr/dsaf001/main.do?rcpNo=20220426800131,,
HD현대삼호,2022-04-21,LNGC 1척,LNG운반선,1,"278,300,000,000",2022-04-20,2025-12-08,"1,234.90",,,,,,,단일판매ㆍ공급계약체결(자회사의 주요경영사항),https://dart.fss.or.kr/dsaf001/main.do?rcpNo=20220421800106,,
삼성중공업,2022-04-19,P3 Ph2]FAB동 마감공사,토건,,"190,100,000,000",2022-01-14,2022-12-30,,,,,"235,948,900,000",2023-12-31,,단일판매ㆍ공급계약체결,https://dart.fss.or.kr/dsaf001/main.do?rcpNo=20220419800057,https://dart.fss.or.kr/dsaf001/main.do?rcpNo=20221219800148,
한화오션,2022-04-15,LNG 운반선 2척,LNG운반선,2,"526,300,000,000",2022-04-14,2026-09-30,"1,227.70",,,,,2026-03-31,,단일판매ㆍ공급계약체결,https://dart.fss.or.kr/dsaf001/main.do?rcpNo=20220415800334,https://dart.fss.or.kr/dsaf001/main.do?rcpNo=20220812800718 | https://dart.fss.or.kr/dsaf001/main.do?rcpNo=20240321801006 | https://dart.fss.or.kr/dsaf001/main.do?rcpNo=20240321801360,
HD현대중공업,2022-04-15,컨테이너선 6척,컨테이너선,6,"989,500,000,000",2022-04-14,2025-06-30,"1,227.70",,,,,,,단일판매ㆍ공급계약체결,https://dart.fss.or.kr/dsaf001/main.do?rcpNo=20220415800354,,
HD현대삼호,2022-04-15,LNG DF PCTC 2척,자동차운반선,2,"294,100,000,000",2022-04-14,2025-01-14,"1,227.70",,,,,,,단일판매ㆍ공급계약체결(자회사의 주요경영사항),https://dart.fss.or.kr/dsaf001/main.do?rcpNo=20220415800353,,
HD현대미포,2022-04-07,P/C선 2척,탱커,2,"94,300,000,000",2022-04-06,2023-12-31,"1,212.60",,,,,,,단일판매ㆍ공급계약체결,https://dart.fss.or.kr/dsaf001/main.do?rcpNo=20220407800468,,
삼성중공업,2022-04-01,LNG선 1척,LNG운반선,1,"263,300,000,000",2022-03-31,2025-10-15,"1,210.8",,,,,,,단일판매ㆍ공급계약체결,https://dart.fss.or.kr/dsaf001/main.do?rcpNo=20220401800153,,
HD현대삼호,2022-04-01,LNGC 2척,LNG운반선,2,"545,800,000,000",2022-03-31,2025-06-09,"1,210.80",,,,,,,단일판매ㆍ공급계약체결(자회사의 주요경영사항),https://dart.fss.or.kr/dsaf001/main.do?rcpNo=20220401800270,,
HD현대삼호,2022-03-31,컨테이너선 4척,컨테이너선,4,"589,500,000,000",2022-03-30,2024-11-11,"1,220.50",,,,,,,단일판매ㆍ공급계약체결(자회사의 주요경영사항),https://dart.fss.or.kr/dsaf001/main.do?rcpNo=20220331800420,,
삼성중공업,2022-03-28,컨테이너선 5척,컨테이너선,5,"803,600,000,000",2022-03-25,2024-12-31,"1,219.4",,,,,2025-04-25,,단일판매ㆍ공급계약체결,https://dart.fss.or.kr/dsaf001/main.do?rcpNo=20220328800062,https://dart.fss.or.kr/dsaf001/main.do?rcpNo=20230703800336 | https://dart.fss.or.kr/dsaf001/main.do?rcpNo=20250425800546,
한화오션,2022-03-24,초대형 LNG 운반선 3척,LNG운반선,3,"863,500,000,000",2022-03-23,2025-12-31,"1,221.40",,,,,,,단일판매ㆍ공급계약체결,https://dart.fss.or.kr/dsaf001/main.do?rcpNo=20220324800266,,
HD현대미포,2022-03-21,컨테이너선 3척,컨테이너선,3,"126,700,000,000",2022-03-18,2024-06-30,"1,220.60",,,,,,,단일판매ㆍ공급계약체결,https://dart.fss.or.kr/dsaf001/main.do?rcpNo=20220321800379,,
HD현대미포,2022-03-21,컨테이너선 2척,컨테이너선,2,"84,400,000,000",2022-03-18,2023-12-31,"1,220.60",,,,,,,단일판매ㆍ공급계약체결,https://dart.fss.or.kr/dsaf001/main.do?rcpNo=20220321800380,,
한화오션,2022-03-18,LNG 운반선 2척,LNG운반선,2,"521,000,000,000",2022-03-17,2025-12-30,"1,240.40",,,,,,,단일판매ㆍ공급계약체결,https://dart.fss.or.kr/dsaf001/main.do?rcpNo=20220318800592,,
삼성중공업,2022-03-11,컨테이너선 4척,컨테이너선,4,"609,100,000,000",2022-03-10,2024-12-31,"1,234.5",,,,,,,단일판매ㆍ공급계약체결,https://dart.fss.or.kr/dsaf001/main.do?rcpNo=20220311800315,,
HD현대미포,2022-03-11,컨테이너선 4척,컨테이너선,4,"225,100,000,000",2022-03-10,2024-03-31,"1,234.50",,,,,2024-06-14,,단일판매ㆍ공급계약체결,https://dart.fss.or.kr/dsaf001/main.do?rcpNo=20220311800168,https://dart.fss.or.kr/dsaf001/main.do?rcpNo=20240118800471,
HD현대중공업,2022-03-03,LNGC 3척,LNG운반선,3,"847,300,000,000",2022-03-02,2025-12-31,"1,205.60",,,,,,,단일판매ㆍ공급계약체결,https://dart.fss.or.kr/dsaf001/main.do?rcpNo=20220303800169,,
HD현대삼호,2022-02-28,컨테이너선 3척,컨테이너선,3,"427,100,000,000",2022-02-25,2024-12-31,"1,199.40",,,,,,,단일판매ㆍ공급계약체결(자회사의 주요경영사항),https://dart.fss.or.kr/dsaf001/main.do?rcpNo=20220228800126,,
삼성중공업,2022-02-23,LNG선 4척,LNG운반선,4,"998,500,000,000",2022-02-23,2025-09-30,"1,194.7",,,,,,,단일판매ㆍ공급계약체결,https://dart.fss.or.kr/dsaf001/main.do?rcpNo=20220223800278,,
HD현대삼호,2022-02-21,LNGC 1척,LNG운반선,1,"260,200,000,000",2022-02-18,2024-08-30,"1,197.10",,,,,,,단일판매ㆍ공급계약체결(자회사의 주요경영사항),https://dart.fss.or.kr/dsaf001/main.do?rcpNo=20220221800326,,
HD현대삼호,2022-02-09,LNGC 2척,LNG운반선,2,"534,700,000,000",2022-02-08,2025-02-28,"1,199.40",,,,,,,단일판매ㆍ공급계약체결(자회사의 주요경영사항),https://dart.fss.or.kr/dsaf001/main.do?rcpNo=20220209800167,,
한화오션,2022-02-03,컨테이너선 6척,컨테이너선,6,"1,318,800,000,000",2022-01-29,2025-11-15,"1,202.40",LNG 운반선 2척,LNG운반선,2,"525,000,000,000",2026-03-13,,단일판매ㆍ공급계약체결,https://dart.fss.or.kr/dsaf001/main.do?rcpNo=20220203800273,https://dart.fss.or.kr/dsaf001/main.do?rcpNo=20250618800600,
한화오션,2022-02-03,LNG 운반선 2척,LNG운반선,2,"525,000,000,000",2022-01-28,2025-12-31,"1,202.40",,,,,2026-03-13,,단일판매ㆍ공급계약체결,https://dart.fss.or.kr/dsaf001/main.do?rcpNo=20220203800269,https://dart.fss.or.kr/dsaf001/main.do?rcpNo=20250618800600,
HD현대미포,2022-02-03,컨테이너선 4척,컨테이너선,4,"205,400,000,000",2022-02-02,2024-06-30,"1,202.40",,,,,2024-09-30,,단일판매ㆍ공급계약체결,https://dart.fss.or.kr/dsaf001/main.do?rcpNo=20220203800348,https://dart.fss.or.kr/dsaf001/main.do?rcpNo=20231019800077,
HD현대미포,2022-02-03,24K LNG DF RORO 2척,자동차운반선,2,"321,900,000,000",2022-02-01,2025-05-30,"1,202.40",,,,,,,단일판매ㆍ공급계약체결,https://dart.fss.or.kr/dsaf001/main.do?rcpNo=20220203800347,,
HD현대미포,2022-02-03,12.5K LNG BV 1척,LNG벙커링선,1,"72,900,000,000",2022-01-31,2024-03-31,"1,202.40",,,,,,,단일판매ㆍ공급계약체결,https://dart.fss.or.kr/dsaf001/main.do?rcpNo=20220203800344,,
HD현대미포,2022-02-03,컨테이너선 2척,컨테이너선,2,"103,800,000,000",2022-01-28,2024-02-15,"1,202.40",,,,,,,단일판매ㆍ공급계약체결,https://dart.fss.or.kr/dsaf001/main.do?rcpNo=20220203800342,,
HD현대삼호,2022-01-27,LNGC 1척,LNG운반선,1,"254,800,000,000",2022-01-26,2025-04-30,"1,197.80",,,,,,,단일판매ㆍ공급계약체결(자회사의 주요경영사항),https://dart.fss.or.kr/dsaf001/main.do?rcpNo=20220127800064,,
한화오션,2022-01-17,초대형 LNG 운반선 1척,LNG운반선,1,"247,700,000,000",2022-01-14,2024-12-31,"1,188.20",,,,,2024-09-30,,단일판매ㆍ공급계약체결,https://dart.fss.or.kr/dsaf001/main.do?rcpNo=20220117800383,https://dart.fss.or.kr/dsaf001/main.do?rcpNo=20220121800331,
HD현대삼호,2022-01-17,컨테이너선 3척,컨테이너선,3,"418,600,000,000",2022-01-14,2024-06-28,"1,188.20",,,,,,,단일판매ㆍ공급계약체결(자회사의 주요경영사항),https://dart.fss.or.kr/dsaf001/main.do?rcpNo=20220117800279,,
HD현대미포,2022-01-17,P/C선 2척,탱커,2,"92,400,000,000",2022-01-14,2023-09-30,"1,188.20",,,,,,,단일판매ㆍ공급계약체결,https://dart.fss.or.kr/dsaf001/main.do?rcpNo=20220117800300,,
한화오션,2022-01-11,FCS(필드제어설비) 1기,미분류,,"656,100,000,000",2022-02-01,2025-09-11,"1,202.40",,,,"727,000,000,000",2026-01-19,,단일판매ㆍ공급계약체결,https://dart.fss.or.kr/dsaf001/main.do?rcpNo=20220111800305,https://dart.fss.or.kr/dsaf001/main.do?rcpNo=20230714800140 | https://dart.fss.or.kr/dsaf001/main.do?rcpNo=20231222800636,
HD현대중공업,2022-01-10,컨테이너선 4척,컨테이너선,4,"839,700,000,000",2022-01-07,2025-05-30,"1,199.60",,,,,,,단일판매ㆍ공급계약체결,https://dart.fss.or.kr/dsaf001/main.do?rcpNo=20220110800073,,
HD현대삼호,2022-01-10,LNGC 1척,LNG운반선,1,"248,800,000,000",2022-01-07,2025-03-10,"1,199.60",,,,,,,단일판매ㆍ공급계약체결(자회사의 주요경영사항),https://dart.fss.or.kr/dsaf001/main.do?rcpNo=20220110800070,,
한화오션,2022-01-06,LNG 운반선 2척,LNG운반선,2,"502,100,000,000",2022-01-05,2025-11-15,"1,194.30",,,,,2026-03-03,,단일판매ㆍ공급계약체결,https://dart.fss.or.kr/dsaf001/main.do?rcpNo=20220106800071,https://dart.fss.or.kr/dsaf001/main.do?rcpNo=20250618800597,
HD현대삼호,2022-01-04,컨테이너선 6척,컨테이너선,6,"1,297,600,000,000",2022-01-03,2024-12-11,"1,185.50",,,,,,,단일판매ㆍ공급계약체결(자회사의 주요경영사항),https://dart.fss.or.kr/dsaf001/main.do?rcpNo=20220104800082,,
HD현대삼호,2022-01-04,LNGC 1척,LNG운반선,1,"259,500,000,000",2022-01-04,2024-09-30,"1,190.80",,,,,,,단일판매ㆍ공급계약체결(자회사의 주요경영사항),https://dart.fss.or.kr/dsaf001/main.do?rcpNo=20220104800080,,
HD현대미포,2022-01-04,컨테이너선 3척,컨테이너선,3,"113,800,000,000",2022-01-03,2023-10-31,"1,185.50",,,,,2024-03-14,,단일판매ㆍ공급계약체결,https://dart.fss.or.kr/dsaf001/main.do?rcpNo=20220104800084,https://dart.fss.or.kr/dsaf001/main.do?rcpNo=20240118800466,
HD현대중공업,2021-12-28,수상함 2척,특수선/방산,2,"582,900,000,000",2021-12-28,2025-12-15,"1,186.20",,,,,,,단일판매ㆍ공급계약체결,https://dart.fss.or.kr/dsaf001/main.do?rcpNo=20211228800448,,
삼성중공업,2021-12-27,LNG선 1척,LNG운반선,1,"241,600,000,000",2021-12-24,2024-12-31,"1,187.5",,,,,,,단일판매ㆍ공급계약체결,https://dart.fss.or.kr/dsaf001/main.do?rcpNo=20211227800103,,
삼성중공업,2021-12-10,LNG선 1척,LNG운반선,1,"244,800,000,000",2021-12-09,2025-05-31,"1,176.4",,,,,,,단일판매ㆍ공급계약체결,https://dart.fss.or.kr/dsaf001/main.do?rcpNo=20211210800100,,
삼성중공업,2021-12-07,LNG선 1척,LNG운반선,1,"245,900,000,000",2021-12-06,2025-01-31,"1,178.6",,,,,,,단일판매ㆍ공급계약체결,https://dart.fss.or.kr/dsaf001/main.do?rcpNo=20211207800089,,
삼성중공업,2021-12-07,LNG선 2척,LNG운반선,2,"488,000,000,000",2021-12-06,2025-01-31,"1,178.6",,,,,,,단일판매ㆍ공급계약체결,https://dart.fss.or.kr/dsaf001/main.do?rcpNo=20211207800088,,
한화오션,2021-12-03,해상풍력발전기 설치선 1척,특수선/방산,1,"382,900,000,000",2021-12-02,2025-05-31,"1,180.30",,,,,,,단일판매ㆍ공급계약체결,https://dart.fss.or.kr/dsaf001/main.do?rcpNo=20211203800145,https://dart.fss.or.kr/dsaf001/main.do?rcpNo=20231211800451,20231211 정정: 정정사유: 계약상대방 및 판매·공급지역 변경
한화오션,2021-12-01,LNG 운반선 2척,LNG운반선,2,"492,400,000,000",2021-11-30,2025-05-31,"1,193.40",,,,,,,[첨부추가]단일판매ㆍ공급계약체결,https://dart.fss.or.kr/dsaf001/main.do?rcpNo=20211201800153,,
한화오션,2021-12-01,LNG 운반선 4척,LNG운반선,4,"1,003,200,000,000",2021-11-30,2025-12-31,"1,193.40",,,,,,,단일판매ㆍ공급계약체결,https://dart.fss.or.kr/dsaf001/main.do?rcpNo=20211201800155,,
HD현대미포,2021-11-23,"2,000TEU LNG D/F CONT 10척",컨테이너선,10,"745,600,000,000",2021-11-22,2024-09-30,"1,183.50",,,,,,,단일판매ㆍ공급계약체결,https://dart.fss.or.kr/dsaf001/main.do?rcpNo=20211123800117,,
한화오션,2021-11-11,LNG 운반선 2척,LNG운반선,2,"486,700,000,000",2021-11-10,2024-11-30,"1,178.40",,,,,,,단일판매ㆍ공급계약체결,https://dart.fss.or.kr/dsaf001/main.do?rcpNo=20211111800208,,
HD현대중공업,2021-11-09,광개토-III Batch-II 후속함(2번함) 건조,미분류,,"636,300,000,000",2021-11-08,2026-12-31,,,,,,,,단일판매ㆍ공급계약체결,https://dart.fss.or.kr/dsaf001/main.do?rcpNo=20211109800068,,
HD현대중공업,2021-11-05,LNGC 2척,LNG운반선,2,"498,400,000,000",2021-11-04,2024-06-30,"1,181.10",,,,,,,단일판매ㆍ공급계약체결,https://dart.fss.or.kr/dsaf001/main.do?rcpNo=20211105800213,,
HD현대삼호,2021-11-05,LNGC 1척,LNG운반선,1,"249,200,000,000",2021-11-04,2024-07-31,"1,181.10",,,,,,,단일판매ㆍ공급계약체결(자회사의 주요경영사항),https://dart.fss.or.kr/dsaf001/main.do?rcpNo=20211105800216,,
삼성중공업,2021-10-25,LNG선 4척,LNG운반선,4,"971,300,000,000",2021-10-22,2024-12-30,"1,175.8",,,,,,,단일판매ㆍ공급계약체결,https://dart.fss.or.kr/dsaf001/main.do?rcpNo=20211025800077,,
HD현대중공업,2021-10-25,P/C선 4척,탱커,4,"382,600,000,000",2021-10-22,2024-04-30,"1,175.80",,,,,,,단일판매ㆍ공급계약체결,https://dart.fss.or.kr/dsaf001/main.do?rcpNo=20211025800138,,
한화오션,2021-10-21,초대형 LNG 운반선 1척,LNG운반선,1,"232,200,000,000",2021-10-20,2024-09-30,"1,181.70",,,,,2024-12-31,,단일판매ㆍ공급계약체결,https://dart.fss.or.kr/dsaf001/main.do?rcpNo=20211021800123,https://dart.fss.or.kr/dsaf001/main.do?rcpNo=20220121800328 | https://dart.fss.or.kr/dsaf001/main.do?rcpNo=20240205800874,
삼성중공업,2021-10-18,"블록, 기자재 및 설계",미분류,,"2,045,300,000,000",2021-10-15,2027-01-31,"1,188.3",,,,,,Y,단일판매ㆍ공급계약체결,https://dart.fss.or.kr/dsaf001/main.do?rcpNo=20211018800096,https://dart.fss.or.kr/dsaf001/main.do?rcpNo=20240612800459,
HD현대삼호,2021-10-18,컨테이너선 2척,컨테이너선,2,"416,000,000,000",2021-10-15,2024-04-05,"1,188.30",,,,,,,단일판매ㆍ공급계약체결(자회사의 주요경영사항),https://dart.fss.or.kr/dsaf001/main.do?rcpNo=20211018800107,,
한화오션,2021-10-15,컨테이너선 4척,컨테이너선,4,"640,800,000,000",2021-10-14,2024-11-15,"1,195.00",,,,,2025-02-14,,단일판매ㆍ공급계약체결,https://dart.fss.or.kr/dsaf001/main.do?rcpNo=20211015800213,https://dart.fss.or.kr/dsaf001/main.do?rcpNo=20241115800512,
삼성중공업,2021-09-30,LNG선 4척,LNG운반선,4,"959,300,000,000",2021-09-29,2024-02-29,"1,182.0",,,,,,,단일판매ㆍ공급계약체결,https://dart.fss.or.kr/dsaf001/main.do?rcpNo=20210930800071,,
삼성중공업,2021-09-16,컨테이너선 6척,컨테이너선,6,"841,200,000,000",2021-09-15,2024-11-30,"1,172.2",,,,,,,단일판매ㆍ공급계약체결,https://dart.fss.or.kr/dsaf001/main.do?rcpNo=20210916800075,,
한화오션,2021-09-14,초대형 LNG 운반선 4척,LNG운반선,4,"990,000,000,000",2021-09-13,2024-10-31,"1,170.40",,,,,2025-03-10,,단일판매ㆍ공급계약체결,https://dart.fss.or.kr/dsaf001/main.do?rcpNo=20210914800229,https://dart.fss.or.kr/dsaf001/main.do?rcpNo=20241031800662,
한화오션,2021-09-10,잠수함 1척,특수선/방산,1,"985,700,000,000",2021-09-09,2028-12-28,,,,,,,,단일판매ㆍ공급계약체결,https://dart.fss.or.kr/dsaf001/main.do?rcpNo=20210910800081,,
HD현대삼호,2021-09-03,보령화력 1~8호기 저탄장 옥내화 공사,미분류,,"317,000,000,000",2021-09-02,2024-11-30,,,,,"372,100,000,000",2027-08-31,,단일판매ㆍ공급계약체결(자회사의 주요경영사항),https://dart.fss.or.kr/dsaf001/main.do?rcpNo=20210903800458,https://dart.fss.or.kr/dsaf001/main.do?rcpNo=20251202800346 | https://dart.fss.or.kr/dsaf001/main.do?rcpNo=20251217800456 | https://dart.fss.or.kr/dsaf001/main.do?rcpNo=20260115800409,
HD현대삼호,2021-08-24,LPGC 2척,가스선,2,"196,500,000,000",2021-08-23,2024-06-28,"1,176.70",,,,,,,단일판매ㆍ공급계약체결(자회사의 주요경영사항),https://dart.fss.or.kr/dsaf001/main.do?rcpNo=20210824800318,,
삼성중공업,2021-08-23,LNG선 2척,LNG운반선,2,"460,900,000,000",2021-08-20,2024-09-30,"1,174.5",,,,,,,단일판매ㆍ공급계약체결,https://dart.fss.or.kr/dsaf001/main.do?rcpNo=20210823800062,,
HD현대미포,2021-08-23,컨테이너선 3척,컨테이너선,3,"110,300,000,000",2021-08-20,2023-09-30,"1,174.50",,,,,,,단일판매ㆍ공급계약체결,https://dart.fss.or.kr/dsaf001/main.do?rcpNo=20210823800518,,
한화오션,2021-08-02,LNG 운반선 1척,LNG운반선,1,"227,800,000,000",2021-07-30,2024-05-31,"1,147.40",,,,,,,단일판매ㆍ공급계약체결,https://dart.fss.or.kr/dsaf001/main.do?rcpNo=20210802800158,,
삼성중공업,2021-07-27,LNG선 1척,LNG운반선,1,"223,600,000,000",2021-07-26,2024-04-30,"1,149.5",,,,,,,단일판매ㆍ공급계약체결,https://dart.fss.or.kr/dsaf001/main.do?rcpNo=20210727800058,,
HD현대삼호,2021-07-23,LNGC 2척,LNG운반선,2,"420,700,000,000",2021-07-22,2024-08-22,"1,150.60",,,,"628,200,000,000",,,단일판매ㆍ공급계약체결(자회사의 주요경영사항),https://dart.fss.or.kr/dsaf001/main.do?rcpNo=20210723800173,https://dart.fss.or.kr/dsaf001/main.do?rcpNo=20220706800003,
HD현대삼호,2021-07-23,LNGC 2척,LNG운반선,2,"462,700,000,000",2021-07-22,2024-03-31,"1,150.60",,,,,,,단일판매ㆍ공급계약체결(자회사의 주요경영사항),https://dart.fss.or.kr/dsaf001/main.do?rcpNo=20210723800172,,
HD현대미포,2021-07-22,P/C선 2척,탱커,2,"86,800,000,000",2021-07-21,2023-07-31,"1,151.00",,,,,,,단일판매ㆍ공급계약체결,https://dart.fss.or.kr/dsaf001/main.do?rcpNo=20210722800130,,
한화오션,2021-07-14,Fixed Platform(고정식 플랫폼) 1기,미분류,,"725,300,000,000",2021-06-01,2024-07-15,"1,146.40",,,,"828,300,000,000",2025-05-15,,단일판매ㆍ공급계약체결,https://dart.fss.or.kr/dsaf001/main.do?rcpNo=20210714800140,https://dart.fss.or.kr/dsaf001/main.do?rcpNo=20221031800492 | https://dart.fss.or.kr/dsaf001/main.do?rcpNo=20221103800265 | https://dart.fss.or.kr/dsaf001/main.do?rcpNo=20230227801085,
HD현대삼호,2021-07-14,LNGC 2척,LNG운반선,2,"457,600,000,000",2021-07-13,2025-09-30,"1,146.40",,,,,,,단일판매ㆍ공급계약체결(자회사의 주요경영사항),https://dart.fss.or.kr/dsaf001/main.do?rcpNo=20210714800078,,
삼성중공업,2021-07-05,LNG선 3척,LNG운반선,3,"654,500,000,000",2021-07-02,2024-02-28,"1,132.2",,,,,,,단일판매ㆍ공급계약체결,https://dart.fss.or.kr/dsaf001/main.do?rcpNo=20210705800218,,
HD현대삼호,2021-07-02,LNGC 1척,LNG운반선,1,"215,500,000,000",2021-07-01,2023-11-15,"1,129.50",,,,,,,단일판매ㆍ공급계약체결(자회사의 주요경영사항),https://dart.fss.or.kr/dsaf001/main.do?rcpNo=20210702800103,,
HD현대삼호,2021-07-01,LPGC 2척,가스선,2,"187,800,000,000",2021-06-30,2023-09-30,"1,130.00",,,,,,,단일판매ㆍ공급계약체결(자회사의 주요경영사항),https://dart.fss.or.kr/dsaf001/main.do?rcpNo=20210701800120,,
HD현대미포,2021-07-01,컨테이너선 3척,컨테이너선,3,"106,100,000,000",2021-06-30,2023-03-31,"1,130.00",,,,,,,단일판매ㆍ공급계약체결,https://dart.fss.or.kr/dsaf001/main.do?rcpNo=20210701800122,,
HD현대미포,2021-07-01,ROPAX 2척,자동차운반선,2,"416,900,000,000",2021-06-30,2026-05-31,"1,130.00",,,,,2026-09-30,,단일판매ㆍ공급계약체결,https://dart.fss.or.kr/dsaf001/main.do?rcpNo=20210701800121,https://dart.fss.or.kr/dsaf001/main.do?rcpNo=20231016800079,
HD현대미포,2021-06-30,컨테이너선 2척,컨테이너선,2,"86,000,000,000",2021-06-29,2023-06-30,"1,129.90",,,,,,,단일판매ㆍ공급계약체결,https://dart.fss.or.kr/dsaf001/main.do?rcpNo=20210630800869,,
한화오션,2021-06-29,초대형 컨테이너선 6척,컨테이너선,6,"888,100,000,000",2021-06-29,2024-06-30,"1,129.90",,,,,2024-11-25,,단일판매ㆍ공급계약체결,https://dart.fss.or.kr/dsaf001/main.do?rcpNo=20210629800334,https://dart.fss.or.kr/dsaf001/main.do?rcpNo=20231205800431 | https://dart.fss.or.kr/dsaf001/main.do?rcpNo=20240618800408,20231205 정정: 정정사유: 계약상대방 변경
한화오션,2021-06-21,초대형 LNG추진 컨테이너선 6척,컨테이너선,6,"1,122,500,000,000",2021-06-18,2024-12-31,"1,129.50",,,,,2025-06-16,,단일판매ㆍ공급계약체결,https://dart.fss.or.kr/dsaf001/main.do?rcpNo=20210621800158,https://dart.fss.or.kr/dsaf001/main.do?rcpNo=20241212800563,
HD현대삼호,2021-06-21,VLCC 1척,탱커,1,"105,900,000,000",2021-06-18,2023-06-30,"1,129.50",,,,,,,단일판매ㆍ공급계약체결(자회사의 주요경영사항),https://dart.fss.or.kr/dsaf001/main.do?rcpNo=20210621800110,,
HD현대미포,2021-06-21,115K P/C (LR2) 4척,탱커,4,"256,600,000,000",2021-06-18,2024-03-31,"1,129.50",,,,,,,단일판매ㆍ공급계약체결,https://dart.fss.or.kr/dsaf001/main.do?rcpNo=20210621800120,,
한화오션,2021-06-14,FPSO 1기,해양플랜트,,"1,094,800,000,000",2021-06-11,2025-12-05,"1,115.00",,,,,2026-09-26,,단일판매ㆍ공급계약체결,https://dart.fss.or.kr/dsaf001/main.do?rcpNo=20210614800002,https://dart.fss.or.kr/dsaf001/main.do?rcpNo=20240924800421,
HD현대미포,2021-06-07,50K P/C 4척,탱커,4,"164,500,000,000",2021-06-04,2023-03-31,"1,111.80",,,,,,,단일판매ㆍ공급계약체결,https://dart.fss.or.kr/dsaf001/main.do?rcpNo=20210607800093,,
HD현대삼호,2021-06-03,원유운반선 3척,탱커,3,"220,500,000,000",2021-06-02,2024-02-14,"1,107.00",,,,,,,단일판매ㆍ공급계약체결(자회사의 주요경영사항),https://dart.fss.or.kr/dsaf001/main.do?rcpNo=20210603800055,,
삼성중공업,2021-06-01,컨테이너선 4척,컨테이너선,4,"529,000,000,000",2021-05-31,2024-02-29,"1,116.0",,,,,,,단일판매ㆍ공급계약체결,https://dart.fss.or.kr/dsaf001/main.do?rcpNo=20210601800077,,
HD현대미포,2021-06-01,50K P/C 4척,탱커,4,"171,300,000,000",2021-05-31,2023-03-31,"1,116.0",,,,,,,단일판매ㆍ공급계약체결,https://dart.fss.or.kr/dsaf001/main.do?rcpNo=20210601800128,,
HD현대미포,2021-06-01,30K LNGC 1척,LNG운반선,1,"75,100,000,000",2021-05-31,2023-09-30,"1,116.0",,,,,2024-01-17,,단일판매ㆍ공급계약체결,https://dart.fss.or.kr/dsaf001/main.do?rcpNo=20210601800123,https://dart.fss.or.kr/dsaf001/main.do?rcpNo=20231227800529,
한화오션,2021-05-31,LNG 운반선 1척,LNG운반선,1,"216,900,000,000",2021-05-28,2023-11-30,"1,118.00",,,,,,,단일판매ㆍ공급계약체결,https://dart.fss.or.kr/dsaf001/main.do?rcpNo=20210531800241,,
삼성중공업,2021-05-31,LNG선 2척,LNG운반선,2,"417,000,000,000",2021-05-28,2024-07-15,"1,118.0",,,,,,,단일판매ㆍ공급계약체결,https://dart.fss.or.kr/dsaf001/main.do?rcpNo=20210531800136,,
HD현대미포,2021-05-24,50K P/C 2척,탱커,2,"82,400,000,000",2021-05-21,2022-12-31,"1,132.2",,,,,,,단일판매ㆍ공급계약체결,https://dart.fss.or.kr/dsaf001/main.do?rcpNo=20210524800114,,
HD현대미포,2021-05-24,"2,800TEU CONT 2척",컨테이너선,2,"84,200,000,000",2021-05-21,2023-04-30,"1,132.2",,,,,,,단일판매ㆍ공급계약체결,https://dart.fss.or.kr/dsaf001/main.do?rcpNo=20210524800113,,
한화오션,2021-05-12,해상풍력발전기 설치선 1척,특수선/방산,1,"368,200,000,000",2021-05-11,2024-08-31,"1,114.60",,,,,2025-02-28,,단일판매ㆍ공급계약체결,https://dart.fss.or.kr/dsaf001/main.do?rcpNo=20210512800121,https://dart.fss.or.kr/dsaf001/main.do?rcpNo=20231122800337 | https://dart.fss.or.kr/dsaf001/main.do?rcpNo=20231221800398,20231122 정정: 정정사유: 계약상대 및 판매·공급지역 변경
HD현대삼호,2021-05-03,LNGC 1척,LNG운반선,1,"209,900,000,000",2021-04-30,2023-10-31,"1,107.40",,,,,,,단일판매ㆍ공급계약체결(자회사의 주요경영사항),https://dart.fss.or.kr/dsaf001/main.do?rcpNo=20210503800130,,
한화오션,2021-04-30,초대형 LPG운반선 2척,가스선,2,"184,500,000,000",2021-04-29,2023-10-24,"1,112.50",,,,,,,단일판매ㆍ공급계약체결,https://dart.fss.or.kr/dsaf001/main.do?rcpNo=20210430800127,,
HD현대삼호,2021-04-29,LPGC 2척,가스선,2,"182,200,000,000",2021-04-28,2023-12-18,"1,110.80",,,,,,,단일판매ㆍ공급계약체결(자회사의 주요경영사항),https://dart.fss.or.kr/dsaf001/main.do?rcpNo=20210429800148,,
HD현대삼호,2021-04-29,LPGC 2척,가스선,2,"182,200,000,000",2021-04-28,2023-05-24,"1,110.80",,,,,,,단일판매ㆍ공급계약체결(자회사의 주요경영사항),https://dart.fss.or.kr/dsaf001/main.do?rcpNo=20210429800147,,
HD현대삼호,2021-04-23,SUEZMAX 2척,탱커,2,"153,100,000,000",2021-04-22,2023-12-27,"1,117.40",,,,,,,단일판매ㆍ공급계약체결(자회사의 주요경영사항),https://dart.fss.or.kr/dsaf001/main.do?rcpNo=20210423800083,,
HD현대삼호,2021-04-19,VLCC 2척,탱커,2,"207,900,000,000",2021-04-16,2023-03-31,"1,117.60",,,,,,,단일판매ㆍ공급계약체결(자회사의 주요경영사항),https://dart.fss.or.kr/dsaf001/main.do?rcpNo=20210419800122,,
HD현대미포,2021-04-13,40K D/F LPGC 2척,가스선,2,"119,900,000,000",2021-04-12,2023-09-30,"1,117.2",,,,,2024-01-11,,단일판매ㆍ공급계약체결,https://dart.fss.or.kr/dsaf001/main.do?rcpNo=20210413800163,https://dart.fss.or.kr/dsaf001/main.do?rcpNo=20231227800540,
HD현대삼호,2021-04-12,LPGC 2척,가스선,2,"176,700,000,000",2021-04-09,2023-03-03,"1,118.50",,,,,,,단일판매ㆍ공급계약체결(자회사의 주요경영사항),https://dart.fss.or.kr/dsaf001/main.do?rcpNo=20210412800142,,
HD현대미포,2021-03-31,50K P/C선 2척,탱커,2,"82,600,000,000",2021-03-30,2022-07-15,"1,131.7",,,,,,,단일판매ㆍ공급계약체결,https://dart.fss.or.kr/dsaf001/main.do?rcpNo=20210331802884,,
삼성중공업,2021-03-26,컨테이너선 20척,컨테이너선,20,"2,809,900,000,000",2021-03-25,2025-06-30,"1,133.5",,,,,,,단일판매ㆍ공급계약체결,https://dart.fss.or.kr/dsaf001/main.do?rcpNo=20210326800061,,
한화오션,2021-03-16,초대형 LPG운반선 3척,가스선,3,"265,000,000,000",2021-03-15,2023-10-31,"1,130.70",,,,,2024-03-15,,단일판매ㆍ공급계약체결,https://dart.fss.or.kr/dsaf001/main.do?rcpNo=20210316800329,https://dart.fss.or.kr/dsaf001/main.do?rcpNo=20231030800433,
HD현대삼호,2021-03-15,VLGC 3척,가스선,3,"274,700,000,000",2021-03-12,2023-04-14,"1,137.30",,,,,,,단일판매ㆍ공급계약체결(자회사의 주요경영사항),https://dart.fss.or.kr/dsaf001/main.do?rcpNo=20210315800168,,
한화오션,2021-03-12,초대형 원유운반선 10척,탱커,10,"1,095,900,000,000",2021-03-11,2023-09-30,"1,140.70",,,,,2024-01-12,,단일판매ㆍ공급계약체결,https://dart.fss.or.kr/dsaf001/main.do?rcpNo=20210312800089,https://dart.fss.or.kr/dsaf001/main.do?rcpNo=20231130800495,
삼성중공업,2021-03-09,컨테이너선 5척,컨테이너선,5,"794,200,000,000",2021-03-09,2024-01-31,"1,131.3",,,,,,,단일판매ㆍ공급계약체결,https://dart.fss.or.kr/dsaf001/main.do?rcpNo=20210309800069,,
HD현대미포,2021-02-24,45.7K DWT CONRO 6척,컨테이너선,6,"571,000,000,000",2021-02-23,2024-12-31,"1,106.5",,,,,,,단일판매ㆍ공급계약체결,https://dart.fss.or.kr/dsaf001/main.do?rcpNo=20210224800128,,
HD현대삼호,2021-02-22,VLCC 3척,탱커,3,"298,800,000,000",2021-02-19,2022-12-30,"1,105.70",,,,,,,단일판매ㆍ공급계약체결(자회사의 주요경영사항),https://dart.fss.or.kr/dsaf001/main.do?rcpNo=20210222800154,,
HD현대미포,2021-02-22,40K LPG운반선 2척,가스선,2,"101,100,000,000",2021-02-19,2023-07-31,"1,105.7",,,,,,,단일판매ㆍ공급계약체결,https://dart.fss.or.kr/dsaf001/main.do?rcpNo=20210222800152,,
삼성중공업,2021-02-18,초대형 원유운반선 4척,탱커,4,"458,700,000,000",2021-02-17,2023-06-30,"1,099.7",,,,,,,단일판매ㆍ공급계약체결,https://dart.fss.or.kr/dsaf001/main.do?rcpNo=20210218800052,,
한화오션,2021-02-16,컨테이너선 4척,컨테이너선,4,"486,300,000,000",2021-02-15,2023-09-30,"1,110.10",,,,,,,단일판매ㆍ공급계약체결,https://dart.fss.or.kr/dsaf001/main.do?rcpNo=20210216800276,,
삼성중공업,2021-02-15,컨테이너선 5척,컨테이너선,5,"781,200,000,000",2021-02-12,2023-07-31,"1,116.0",,,,,,,단일판매ㆍ공급계약체결,https://dart.fss.or.kr/dsaf001/main.do?rcpNo=20210215800177,,
HD현대삼호,2021-02-10,컨테이너선 2척,컨테이너선,2,"239,100,000,000",2021-02-09,2023-05-31,"1,119.10",,,,,,,단일판매ㆍ공급계약체결(자회사의 주요경영사항),https://dart.fss.or.kr/dsaf001/main.do?rcpNo=20210210800311,,
HD현대미포,2021-02-08,40K LPG운반선 2척,가스선,2,"116,100,000,000",2021-02-05,2023-03-31,"1,116.7",,,,,,,단일판매ㆍ공급계약체결,https://dart.fss.or.kr/dsaf001/main.do?rcpNo=20210208800224,,
삼성중공업,2021-02-04,컨테이너선 2척,컨테이너선,2,"232,100,000,000",2021-02-03,2023-03-31,"1,116.6",,,,,,,단일판매ㆍ공급계약체결,https://dart.fss.or.kr/dsaf001/main.do?rcpNo=20210204800067,,
HD현대미포,2021-02-03,40K LPG운반선 2척,가스선,2,"104,500,000,000",2021-02-02,2023-06-30,"1,118.0",,,,,,,단일판매ㆍ공급계약체결,https://dart.fss.or.kr/dsaf001/main.do?rcpNo=20210203800179,,
삼성중공업,2021-01-26,컨테이너선 2척,컨테이너선,2,"229,200,000,000",2021-01-25,2022-12-30,"1,102.3",,,,,,,단일판매ㆍ공급계약체결,https://dart.fss.or.kr/dsaf001/main.do?rcpNo=20210126800056,,
HD현대미포,2021-01-25,석유화학제품운반선 2척,탱커,2,"80,200,000,000",2021-01-23,2022-03-31,"1,099.2",,,,,,,단일판매ㆍ공급계약체결,https://dart.fss.or.kr/dsaf001/main.do?rcpNo=20210125800388,,
HD현대삼호,2021-01-11,LNG CARRIER 1척,LNG운반선,1,"198,900,000,000",2021-01-08,2023-08-01,"1,087.70",,,,"314,100,000,000",,,단일판매ㆍ공급계약체결(자회사의 주요경영사항),https://dart.fss.or.kr/dsaf001/main.do?rcpNo=20210111800120,https://dart.fss.or.kr/dsaf001/main.do?rcpNo=20220706800002,
삼성중공업,2021-01-05,LNG선 1척,LNG운반선,1,"199,300,000,000",2021-01-05,2023-04-30,"1,083.1",,,,,,,단일판매ㆍ공급계약체결,https://dart.fss.or.kr/dsaf001/main.do?rcpNo=20210105800181,,
HD현대삼호,2021-01-05,컨테이너선 2척,컨테이너선,2,"297,000,000,000",2021-01-04,2023-09-30,"1,088.00",,,,,,,단일판매ㆍ공급계약체결(자회사의 주요경영사항),https://dart.fss.or.kr/dsaf001/main.do?rcpNo=20210105800115,,
한화오션,2020-12-23,초대형 LNG추진 컨테이너선 6척,컨테이너선,6,"1,083,600,000,000",2020-12-22,2023-11-30,"1,101.20",,,,,2024-05-23,,단일판매ㆍ공급계약체결,https://dart.fss.or.kr/dsaf001/main.do?rcpNo=20201223800758,https://dart.fss.or.kr/dsaf001/main.do?rcpNo=20231130800481,
삼성중공업,2020-12-23,LNG선 4척,LNG운반선,4,"815,000,000,000",2020-12-22,2024-05-31,"1,101.2",,,,,2028-10-31,,단일판매ㆍ공급계약체결,https://dart.fss.or.kr/dsaf001/main.do?rcpNo=20201223800058,https://dart.fss.or.kr/dsaf001/main.do?rcpNo=20240517800327,
HD현대삼호,2020-12-23,LNG CARRIER 1척,LNG운반선,1,"201,900,000,000",2020-12-22,2024-08-30,"1,101.20",,,,,2029-03-30,,단일판매ㆍ공급계약체결(자회사의 주요경영사항),https://dart.fss.or.kr/dsaf001/main.do?rcpNo=20201223800177,https://dart.fss.or.kr/dsaf001/main.do?rcpNo=20240514800897,
HD현대삼호,2020-12-23,LNG CARRIER 2척,LNG운반선,2,"410,300,000,000",2020-12-22,2023-11-23,"1,101.20",,,,,2028-02-29,,단일판매ㆍ공급계약체결(자회사의 주요경영사항),https://dart.fss.or.kr/dsaf001/main.do?rcpNo=20201223800175,https://dart.fss.or.kr/dsaf001/main.do?rcpNo=20231006800341,
삼성중공업,2020-12-22,LNG선 2척,LNG운반선,2,"403,500,000,000",2020-12-21,2024-09-30,"1,097.9",,,,,2025-03-29,,단일판매ㆍ공급계약체결,https://dart.fss.or.kr/dsaf001/main.do?rcpNo=20201222800058,https://dart.fss.or.kr/dsaf001/main.do?rcpNo=20210701800378 | https://dart.fss.or.kr/dsaf001/main.do?rcpNo=20240517800335,
HD현대삼호,2020-12-22,LNG CARRIER 3척,LNG운반선,3,"607,200,000,000",2020-12-21,2024-09-30,"1,097.90",,,,,2029-02-28,,단일판매ㆍ공급계약체결(자회사의 주요경영사항),https://dart.fss.or.kr/dsaf001/main.do?rcpNo=20201222800139,https://dart.fss.or.kr/dsaf001/main.do?rcpNo=20240514800901,
삼성중공업,2020-12-21,LNG선 2척,LNG운반선,2,"408,200,000,000",2020-12-18,2024-02-28,"1,092.8",,,,,2024-08-26,,단일판매ㆍ공급계약체결,https://dart.fss.or.kr/dsaf001/main.do?rcpNo=20201221800048,https://dart.fss.or.kr/dsaf001/main.do?rcpNo=20210701800401,
HD현대삼호,2020-12-21,LNG CARRIER 1척,LNG운반선,1,"203,700,000,000",2020-12-18,2023-12-29,"1,092.80",,,,,2028-04-28,,단일판매ㆍ공급계약체결(자회사의 주요경영사항),https://dart.fss.or.kr/dsaf001/main.do?rcpNo=20201221800638,https://dart.fss.or.kr/dsaf001/main.do?rcpNo=20231006800315,
HD현대삼호,2020-12-21,LNG CARRIER 2척,LNG운반선,2,"400,600,000,000",2020-12-18,2024-05-17,"1,092.80",,,,,2028-11-24,,단일판매ㆍ공급계약체결(자회사의 주요경영사항),https://dart.fss.or.kr/dsaf001/main.do?rcpNo=20201221800635,https://dart.fss.or.kr/dsaf001/main.do?rcpNo=20240514800912,
HD현대삼호,2020-12-21,컨테이너선 4척,컨테이너선,4,"451,200,000,000",2020-12-18,2023-01-31,"1,092.80",,,,,,,단일판매ㆍ공급계약체결(자회사의 주요경영사항),https://dart.fss.or.kr/dsaf001/main.do?rcpNo=20201221800143,,
HD현대삼호,2020-12-15,VLCC 2척,탱커,2,"195,200,000,000",2020-12-14,2022-03-31,"1,089.30",,,,,,,단일판매ㆍ공급계약체결(자회사의 주요경영사항),https://dart.fss.or.kr/dsaf001/main.do?rcpNo=20201215801219,,
HD현대삼호,2020-12-15,LNG CARRIER 1척,LNG운반선,1,"203,100,000,000",2020-12-14,2024-11-10,"1,089.30",,,,,,,단일판매ㆍ공급계약체결(자회사의 주요경영사항),https://dart.fss.or.kr/dsaf001/main.do?rcpNo=20201215801214,,
HD현대삼호,2020-12-14,VLCC 4척,탱커,4,"391,000,000,000",2020-12-11,2022-09-30,"1,086.20",,,,,,,단일판매ㆍ공급계약체결(자회사의 주요경영사항),https://dart.fss.or.kr/dsaf001/main.do?rcpNo=20201214800182,,
한화오션,2020-12-03,초대형 원유운반선 3척,탱커,3,"282,000,000,000",2020-11-30,2023-01-12,"1,104.40",,,,"321,700,000,000",2023-06-30,,단일판매ㆍ공급계약체결,https://dart.fss.or.kr/dsaf001/main.do?rcpNo=20201203800182,https://dart.fss.or.kr/dsaf001/main.do?rcpNo=20210312801535,
HD현대미포,2020-12-03,40K LPG운반선 2척,가스선,2,"101,200,000,000",2020-12-02,2023-03-31,"1,107.1",,,,,,,단일판매ㆍ공급계약체결,https://dart.fss.or.kr/dsaf001/main.do?rcpNo=20201203800093,,
삼성중공업,2020-11-30,LNG선 1척,LNG운반선,1,"206,200,000,000",2020-11-27,2023-07-15,"1,105.8",,,,,,,단일판매ㆍ공급계약체결,https://dart.fss.or.kr/dsaf001/main.do?rcpNo=20201130800059,,
HD현대미포,2020-11-25,40K LPG운반선 2척,가스선,2,"115,700,000,000",2020-11-24,2022-12-31,"1,112.6",,,,,,,단일판매ㆍ공급계약체결,https://dart.fss.or.kr/dsaf001/main.do?rcpNo=20201125800057,,
삼성중공업,2020-11-23,블록 및 기자재,미분류,,"2,807,200,000,000",2020-11-20,2025-12-31,"1,112.2",,,,,,Y,단일판매ㆍ공급계약체결,https://dart.fss.or.kr/dsaf001/main.do?rcpNo=20201123800072,https://dart.fss.or.kr/dsaf001/main.do?rcpNo=20240612800468,
삼성중공업,2020-11-17,원유운반선 3척,탱커,3,"194,600,000,000",2020-11-16,2023-01-31,"1,115.1",,,,,,,단일판매ㆍ공급계약체결,https://dart.fss.or.kr/dsaf001/main.do?rcpNo=20201117800058,,
HD현대삼호,2020-11-17,VLCC 3척,탱커,3,"295,700,000,000",2020-11-16,2023-08-31,"1,115.10",,,,,,,단일판매ㆍ공급계약체결(자회사의 주요경영사항),https://dart.fss.or.kr/dsaf001/main.do?rcpNo=20201117800113,,
한화오션,2020-11-13,컨테이너선 6척,컨테이너선,6,"722,600,000,000",2020-11-12,2023-01-31,"1,112.40",,,,,,,단일판매ㆍ공급계약체결,https://dart.fss.or.kr/dsaf001/main.do?rcpNo=20201113800332,,
한화오션,2020-10-12,LNG 운반선 3척,LNG운반선,3,"1,013,700,000,000",2020-10-09,2023-12-31,"1,162.50",,,,,,,단일판매ㆍ공급계약체결,https://dart.fss.or.kr/dsaf001/main.do?rcpNo=20201012800215,https://dart.fss.or.kr/dsaf001/main.do?rcpNo=20231229800466,"20231229 정정: 기타 투자판단과 관련한 중요사항 변경: 3. 상기 계약에는 선주가 이행해야 하는 조건이 있으며, 그 조건이 충족되지 못하면 계약을 취소할 수 있습니다. 이 경우 별도공시를 진행할 예정입니다. 3. 선주와 계약기간 종료일 변경 관련 수정계약 체결을 협의 중..."
한화오션,2020-10-12,LNG 운반선 3척,LNG운반선,3,"1,013,700,000,000",2020-10-09,2023-07-31,"1,162.50",,,,,,,단일판매ㆍ공급계약체결,https://dart.fss.or.kr/dsaf001/main.do?rcpNo=20201012800214,,
HD현대미포,2020-10-06,LPG운반선 2척,가스선,2,"89,200,000,000",2020-09-30,2022-09-30,"1,173.5",,,,,,,단일판매ㆍ공급계약체결,https://dart.fss.or.kr/dsaf001/main.do?rcpNo=20201006800475,,
삼성중공업,2020-08-25,초대형에탄운반선 2척,가스선,2,"262,000,000,000",2020-08-24,2022-06-30,"1,185.3",,,,,,,단일판매ㆍ공급계약체결,https://dart.fss.or.kr/dsaf001/main.do?rcpNo=20200825800052,,
HD현대미포,2020-08-21,석유화학제품운반선 10척,탱커,10,"484,700,000,000",2020-08-20,2023-02-28,"1,182.3",,,,,,,단일판매ㆍ공급계약체결,https://dart.fss.or.kr/dsaf001/main.do?rcpNo=20200821800123,,
HD현대미포,2020-08-03,RO-PAX 1척,자동차운반선,1,"108,000,000,000",2020-07-31,2022-11-30,"1,191.4",,,,,,,단일판매ㆍ공급계약체결,https://dart.fss.or.kr/dsaf001/main.do?rcpNo=20200803800104,,
HD현대삼호,2020-07-31,LNG CARRIER 2척,LNG운반선,2,"445,600,000,000",2020-07-30,2023-06-30,"1,195.20",,,,,,,단일판매ㆍ공급계약체결(자회사의 주요경영사항),https://dart.fss.or.kr/dsaf001/main.do?rcpNo=20200731800093,,
HD현대미포,2020-07-21,석유화학제품운반선 2척,탱커,2,"86,800,000,000",2020-07-20,2021-09-30,"1,205.7",,,,,,,단일판매ㆍ공급계약체결,https://dart.fss.or.kr/dsaf001/main.do?rcpNo=20200721800101,,
HD현대미포,2020-07-20,석유화학제품운반선 2척,탱커,2,"85,900,000,000",2020-07-17,2021-11-30,"1,204.1",,,,,,,단일판매ㆍ공급계약체결,https://dart.fss.or.kr/dsaf001/main.do?rcpNo=20200720800106,,
한화오션,2020-06-08,초대형 LNG Barge 2척,해양플랜트,2,"901,300,000,000",2020-06-05,2023-07-19,,,,,"1,002,400,000,000",,,단일판매ㆍ공급계약체결,https://dart.fss.or.kr/dsaf001/main.do?rcpNo=20200608800115,https://dart.fss.or.kr/dsaf001/main.do?rcpNo=20230629800004,
HD현대미포,2020-05-28,LPG운반선 3척,가스선,3,"195,000,000,000",2020-05-27,2022-08-31,"1,237.10",,,,,,,단일판매ㆍ공급계약체결,https://dart.fss.or.kr/dsaf001/main.do?rcpNo=20200528800184,,
한화오션,2020-05-21,초대형 LNG FSRU 1척,LNG운반선,1,"410,600,000,000",2020-05-20,2023-06-30,,초대형 LNG 운반선 1척,LNG운반선,1,"226,000,000,000",2023-10-29,,단일판매ㆍ공급계약체결,https://dart.fss.or.kr/dsaf001/main.do?rcpNo=20200521800198,https://dart.fss.or.kr/dsaf001/main.do?rcpNo=20210416800556,
삼성중공업,2020-04-14,초대형원유운반선 2척,탱커,2,"253,600,000,000",2020-04-13,2022-04-30,"1,212.3",,,,,,,단일판매ㆍ공급계약체결,https://dart.fss.or.kr/dsaf001/main.do?rcpNo=20200414800125,,
삼성중공업,2020-03-02,셔틀탱커 3척,탱커,3,"361,100,000,000",2020-02-28,2022-07-29,"1,215.9",,,,,,,단일판매ㆍ공급계약체결,https://dart.fss.or.kr/dsaf001/main.do?rcpNo=20200302800116,,
한화오션,2020-02-07,셔틀탱커 2척,탱커,2,"337,100,000,000",2020-02-06,2022-08-18,"1,188.50",,,,,,,단일판매ㆍ공급계약체결,https://dart.fss.or.kr/dsaf001/main.do?rcpNo=20200207800152,,
HD현대삼호,2020-01-21,VERY LARGE CRUDE OIL CARRIER 1척,미분류,1,"109,200,000,000",2020-01-20,2021-06-30,"1,158.80",,,,,,,단일판매ㆍ공급계약체결(자회사의 주요경영사항),https://dart.fss.or.kr/dsaf001/main.do?rcpNo=20200121800132,,
HD현대미포,2020-01-21,석유화학제품운반선 4척 수주,탱커,4,"157,400,000,000",2020-01-20,2021-09-30,"1,158.8",,,,,,,단일판매ㆍ공급계약체결,https://dart.fss.or.kr/dsaf001/main.do?rcpNo=20200121800138,,
HD현대삼호,2020-01-03,LPG CARRIER 2척,가스선,2,"193,400,000,000",2019-12-31,2022-04-30,"1,157.80",,,,,,,단일판매ㆍ공급계약체결(자회사의 주요경영사항),https://dart.fss.or.kr/dsaf001/main.do?rcpNo=20200103800168,,
HD현대삼호,2020-01-03,컨테이너크레인 제작·설치,미분류,,"131,900,000,000",2020-01-03,2022-06-20,,,,,,,,단일판매ㆍ공급계약체결(자회사의 주요경영사항),https://dart.fss.or.kr/dsaf001/main.do?rcpNo=20200103800163,,
한화오션,2019-10-15,초대형 컨테이너선 5척,컨테이너선,5,"903,900,000,000",2019-10-14,2021-08-31,"1,189.30",,,,,2021-09-29,,단일판매ㆍ공급계약체결,https://dart.fss.or.kr/dsaf001/main.do?rcpNo=20191015800140,https://dart.fss.or.kr/dsaf001/main.do?rcpNo=20200306800853,
한화오션,2019-10-11,초대형 LNG 운반선 2척,LNG운반선,2,"446,500,000,000",2019-10-10,2022-09-30,"1,194.70",,,,,,,단일판매ㆍ공급계약체결,https://dart.fss.or.kr/dsaf001/main.do?rcpNo=20191011800081,,
한화오션,2019-10-11,잠수함 1척,특수선/방산,1,"1,113,000,000,000",2019-10-10,2026-12-30,,,,,,2027-09-07,,단일판매ㆍ공급계약체결,https://dart.fss.or.kr/dsaf001/main.do?rcpNo=20191011800083,https://dart.fss.or.kr/dsaf001/main.do?rcpNo=20201210800009,
HD현대삼호,2019-09-06,태안화력 5~8호기 저탄장 옥내화 공사,미분류,,"106,920,000,000",2019-09-03,2023-12-31,,,,,"140,700,000,000",2025-12-15,,단일판매ㆍ공급계약체결(자회사의 주요경영사항),https://dart.fss.or.kr/dsaf001/main.do?rcpNo=20190906800209,https://dart.fss.or.kr/dsaf001/main.do?rcpNo=20251022800325 | https://dart.fss.or.kr/dsaf001/main.do?rcpNo=20251121800432 | https://dart.fss.or.kr/dsaf001/main.do?rcpNo=20251215800970,
삼성중공업,2019-05-03,LNGC 1척,LNG운반선,1,"221,600,000,000",2019-05-02,2022-03-31,"1,163.8",,,,,2022-11-30,,단일판매ㆍ공급계약체결,https://dart.fss.or.kr/dsaf001/main.do?rcpNo=20190503800039,https://dart.fss.or.kr/dsaf001/main.do?rcpNo=20210223800497,
삼성중공업,2019-04-22,부유식 생산설비 1척,해양플랜트,1,"1,104,000,000,000",2019-04-22,2022-03-06,"1,137.1",,,,,2022-07-02,,단일판매ㆍ공급계약체결,https://dart.fss.or.kr/dsaf001/main.do?rcpNo=20190422800342,https://dart.fss.or.kr/dsaf001/main.do?rcpNo=20210318800789,
한화오션,2019-04-12,잠수함 3척,특수선/방산,3,"1,162,000,000,000",2019-04-12,2026-03-31,"1,139.20",,,,,,,단일판매ㆍ공급계약체결,https://dart.fss.or.kr/dsaf001/main.do?rcpNo=20190412800200,https://dart.fss.or.kr/dsaf001/main.do?rcpNo=20260331803529,"20260331 정정: 계약기간 - 종료일 변경: 2026-03-31 -> -; 기타 투자판단과 관련한 중요사항 변경: 3. 선주의 Loan Agreement 계약 완료 후 발효 조건으로, 계약 발효 후 공사 진행 예정입니다. 4. 상기 계약기간 및 최종정산 금액은 계약발효 일정 및 공사진행 과정에서 추후 변경될 수 있습니다. 3...."
삼성중공업,2019-02-21,LNGC 4척,LNG운반선,4,"870,400,000,000",2019-02-20,2022-09-30,"1,127.5",,,,,2027-06-30,,단일판매ㆍ공급계약체결,https://dart.fss.or.kr/dsaf001/main.do?rcpNo=20190221800082,https://dart.fss.or.kr/dsaf001/main.do?rcpNo=20220722800036,
한화오션,2018-12-07,수상함 1척,특수선/방산,1,"443,500,000,000",2018-12-06,2022-12-15,,,,,,2023-06-01,,단일판매ㆍ공급계약체결,https://dart.fss.or.kr/dsaf001/main.do?rcpNo=20181207800036,https://dart.fss.or.kr/dsaf001/main.do?rcpNo=20240322800822 | https://dart.fss.or.kr/dsaf001/main.do?rcpNo=20240607800418 | https://dart.fss.or.kr/dsaf001/main.do?rcpNo=20241029800530,20240607 정정: 기타 투자판단과 관련한 중요사항 변경: 3. 상기 '5. 계약기간 (종료일)'은 당사의 해당 수상함 인도 계획을 기준으로 작성하였으며 방위사업청과 협의과정 중에 변동될 수 있습니다. 3. 상기 공사는 해외에서 도입되는 심해구조잠수정의 완벽한 품질과 안전...
삼성중공업,2018-04-05,LNG선2척,LNG운반선,2,"389,000,000,000",2018-04-04,2020-10-30,"1,057.8",,,,,2021-04-30,,단일판매ㆍ공급계약체결,https://dart.fss.or.kr/dsaf001/main.do?rcpNo=20180405800060,https://dart.fss.or.kr/dsaf001/main.do?rcpNo=20200929800374,
삼성중공업,2017-01-05,Semi-FPU 1기,해양플랜트,,"1,534,600,000,000",2017-01-04,2020-08-17,"1,206.20",,,,,2021-01-12,,단일판매ㆍ공급계약체결,https://dart.fss.or.kr/dsaf001/main.do?rcpNo=20170105800021,https://dart.fss.or.kr/dsaf001/main.do?rcpNo=20200911800351,
한화오션,2013-06-25,드릴십 1척 수주,미분류,1,"655,800,000,000",2013-06-24,2015-12-31,"1,155.60",,,,,2023-12-31,,단일판매ㆍ공급계약체결,https://dart.fss.or.kr/dsaf001/main.do?rcpNo=20130625800048,https://dart.fss.or.kr/dsaf001/main.do?rcpNo=20210302800941,
한화오션,2012-12-26,잠수함 2척 수주,특수선/방산,2,"1,682,900,000,000",2012-12-24,2022-12-15,,,,,,2023-04-08,,단일판매ㆍ공급계약체결,https://dart.fss.or.kr/dsaf001/main.do?rcpNo=20121226800028,https://dart.fss.or.kr/dsaf001/main.do?rcpNo=20201210800003,
한화오션,2012-03-09,초대형 FPSO 1기 수주,해양플랜트,,"2,250,600,000,000",2012-03-08,2016-04-30,"1,126.40",,,,,2022-09-26,,단일판매ㆍ공급계약체결,https://dart.fss.or.kr/dsaf001/main.do?rcpNo=20120309800171,https://dart.fss.or.kr/dsaf001/main.do?rcpNo=20220926800247,
한화오션,2011-12-21,잠수함 3척 수주,특수선/방산,3,"1,263,100,000,000",2011-12-20,2018-01-19,"1,169.50",,,,,2020-12-10,,단일판매ㆍ공급계약체결,https://dart.fss.or.kr/dsaf001/main.do?rcpNo=20111221800407,https://dart.fss.or.kr/dsaf001/main.do?rcpNo=20201211800001,
한화오션,2011-12-21,반잠수식 시추선 1척 수주,미분류,1,"727,300,000,000",2011-12-20,2014-05-15,"1,169.50",,,,,,,단일판매ㆍ공급계약체결,https://dart.fss.or.kr/dsaf001/main.do?rcpNo=20111221800402,,
